,Date,USDT_Open*,USDT_High,USDT_Low,USDT_Close**,USDT_Volume,USDT_Market Cap
0,2018-10-13,0.995036,0.995455,0.9849399999999999,0.9880459999999999,1961540000,2692987558
1,2018-10-12,0.998704,0.998704,0.98367,0.994102,2962380000,2702915063
2,2018-10-11,0.992934,1.02,0.987252,0.9930260000000001,3772600000,2687298290
3,2018-10-10,0.995332,1.0,0.9908030000000001,0.993502,2295300000,2693788327
4,2018-10-09,0.996374,0.999826,0.991899,0.9967790000000001,2183500000,2796245180
5,2018-10-08,0.9962290000000001,1.0,0.9900549999999999,0.995814,2594100000,2795839034
6,2018-10-07,0.9979379999999999,1.0,0.992553,0.996617,2187670000,2800634329
7,2018-10-06,0.996503,1.0,0.995775,0.9971770000000001,2238520000,2796606830
8,2018-10-05,0.996195,1.0,0.9899950000000001,0.995778,2330830000,2795743520
9,2018-10-04,0.99834,1.0,0.9883959999999999,0.996185,2374680000,2801762604
10,2018-10-03,1.0,1.01,0.991395,0.998569,2812780000,2817285628
11,2018-10-02,0.9953799999999999,1.0,0.9939950000000001,0.999741,2818190000,2793457027
12,2018-10-01,0.996818,1.01,0.9937280000000001,0.997925,3069480000,2797493057
13,2018-09-30,1.0,1.01,0.991041,1.0,3307320000,2810691617
14,2018-09-29,1.0,1.01,0.990836,0.999602,3249000000,2812881257
15,2018-09-28,0.9947870000000001,1.01,0.9881489999999999,1.0,3447280000,2791792131
16,2018-09-27,1.0,1.01,0.977865,0.997107,3408680000,2810029539
17,2018-09-26,1.0,1.01,0.9908969999999999,1.0,3380990000,2812700934
18,2018-09-25,1.01,1.01,0.99306,1.0,3572280000,2821463173
19,2018-09-24,0.999409,1.01,0.994282,1.0,2852810000,2804764535
20,2018-09-23,0.9961629999999999,1.01,0.992725,0.9995120000000001,2804770000,2795653692
21,2018-09-22,0.9920450000000001,1.02,0.982721,1.0,3352660000,2784096442
22,2018-09-21,0.998697,1.02,0.975145,0.9944280000000001,5090540000,2752829578
23,2018-09-20,0.999453,1.01,0.990492,1.0,2689090000,2754913995
24,2018-09-19,1.01,1.01,0.96457,1.0,2635660000,2773491056
25,2018-09-18,1.01,1.01,0.9806229999999999,1.0,2687350000,2777912249
26,2018-09-17,0.999014,1.01,0.995283,1.0,2854420000,2753703795
27,2018-09-16,1.0,1.01,0.995185,1.0,2103110000,2768526045
28,2018-09-15,1.01,1.01,0.9937450000000001,1.0,2112840000,2775554280
29,2018-09-14,0.998975,1.02,0.988274,1.0,2804570000,2753596017
30,2018-09-13,1.0,1.01,0.986957,1.01,3009780000,2758423841
31,2018-09-12,1.0,1.01,0.989434,1.0,2512200000,2765142543
32,2018-09-11,0.99645,1.02,0.99645,1.0,2375530000,2746636129
33,2018-09-10,0.9988309999999999,1.01,0.9950379999999999,1.0,2300220000,2753199900
34,2018-09-09,1.0,1.02,0.968354,1.0,2470930000,2762867707
35,2018-09-08,1.01,1.02,0.9973219999999999,1.0,2345090000,2773719098
36,2018-09-07,1.0,1.01,0.996252,1.01,2778320000,2764926987
37,2018-09-06,1.01,1.03,0.9891620000000001,1.0,3695980000,2773931697
38,2018-09-05,0.999856,1.03,0.997398,1.01,4000180000,2766741194
39,2018-09-04,0.999627,1.0,0.993396,0.999517,2758550000,2801094286
40,2018-09-03,0.995396,1.0,0.9930100000000001,0.998642,2530750000,2829055850
41,2018-09-02,0.996865,1.01,0.993394,0.9978389999999999,2844130000,2733544310
42,2018-09-01,1.0,1.0,0.9851540000000001,0.996813,2910380000,2746792614
43,2018-08-31,1.0,1.01,0.9960370000000001,1.0,2659230000,2786346078
44,2018-08-30,0.999735,1.01,0.992116,1.0,2764870000,2781404223
45,2018-08-29,1.0,1.02,0.9911059999999999,1.0,3024040000,2812670339
46,2018-08-28,0.9976700000000001,1.0,0.9919610000000001,0.999395,2991530000,2805587028
47,2018-08-27,1.0,1.01,0.9832110000000001,0.9978020000000001,2718980000,2796708023
48,2018-08-26,1.0,1.01,0.99775,0.9992270000000001,1946530000,2801107289
49,2018-08-25,0.9985370000000001,1.0,0.995268,1.0,1958700000,2788055945
50,2018-08-24,0.9984290000000001,1.01,0.994293,1.0,2850500000,2787754051
51,2018-08-23,1.0,1.0,0.993635,0.998976,2392970000,2825945643
52,2018-08-22,1.0,1.01,0.981115,1.0,3325510000,2823529436
53,2018-08-21,1.01,1.01,0.9953639999999999,1.0,2350790000,2744294577
54,2018-08-20,1.0,1.02,0.997007,1.01,2596870000,2722653702
55,2018-08-19,1.01,1.01,0.996864,1.0,2622560000,2736760882
56,2018-08-18,1.0,1.01,0.9964780000000001,1.0,3247510000,2708666169
57,2018-08-17,1.0,1.01,0.994058,0.997761,3783430000,2416537212
58,2018-08-16,1.0,1.01,0.993986,1.0,2741290000,2408445984
59,2018-08-15,0.99503,1.01,0.993253,1.0,3277720000,2395177829
60,2018-08-14,1.0,1.02,0.991974,0.9975430000000001,3917750000,2417553888
61,2018-08-13,1.0,1.02,0.994659,1.0,2596380000,2409344435
62,2018-08-12,1.01,1.01,0.99493,1.0,4066320000,2421279979
63,2018-08-11,1.0,1.01,0.978541,1.01,2630390000,2407960746
64,2018-08-10,1.0,1.01,0.9918889999999999,1.0,2887490000,2410359103
65,2018-08-09,1.0,1.01,0.979456,1.0,2626630000,2408916875
66,2018-08-08,1.0,1.02,0.991345,1.0,3421800000,2441134258
67,2018-08-07,0.999416,1.03,0.995265,1.0,2942000000,2435715878
68,2018-08-06,1.0,1.0,0.9981690000000001,1.0,2336390000,2441614795
69,2018-08-05,0.997972,1.0,0.9962540000000001,0.999347,2204100000,2432197417
70,2018-08-04,1.0,1.0,0.9933360000000001,0.998505,2526060000,2437593282
71,2018-08-03,1.0,1.0,0.995755,0.9990950000000001,2843800000,2420488021
72,2018-08-02,0.9987459999999999,1.0,0.995199,1.0,2539460000,2394134850
73,2018-08-01,0.999215,1.0,0.9947540000000001,0.999409,3059190000,2460207729
74,2018-07-31,0.999708,1.01,0.99534,0.9995069999999999,3253100000,2506409448
75,2018-07-30,0.999317,1.01,0.9939870000000001,0.9989100000000001,4311410000,2505427945
76,2018-07-29,0.996403,1.0,0.9951049999999999,0.998919,2404489984,2498121984
77,2018-07-28,0.995606,1.0,0.995606,0.9978870000000001,2298899968,2496123904
78,2018-07-27,0.999553,1.0,0.991179,0.9971180000000001,3092310016,2506019840
79,2018-07-26,0.99674,1.0,0.992867,0.997951,2894500096,2498967040
80,2018-07-25,0.9923719999999999,1.0,0.985008,0.998791,3514560000,2488015872
81,2018-07-24,0.9979180000000001,1.0,0.99339,0.996505,4417310208,2601712384
82,2018-07-23,1.0,1.0,0.9919520000000001,0.9974959999999999,2808819968,2659345920
83,2018-07-22,1.0,1.01,0.994756,0.999843,2209939968,2660381952
84,2018-07-21,1.0,1.0,0.9957309999999999,1.0,2164900096,2660594688
85,2018-07-20,0.998921,1.01,0.9942790000000001,1.0,3072349952,2704219392
86,2018-07-19,1.0,1.0,0.993331,0.998088,3188349952,2709333248
87,2018-07-18,0.999476,1.01,0.9934040000000001,1.0,4082030080,2705721856
88,2018-07-17,1.0,1.01,0.9797819999999999,1.0,3620499968,2713393920
89,2018-07-16,0.998966,1.0,0.988297,0.9991389999999999,2864659968,2704340992
90,2018-07-15,1.0,1.0,0.996664,0.998352,1919559936,2713583360
91,2018-07-14,1.0,1.01,0.998031,1.0,1620770048,2713231360
92,2018-07-13,0.9993770000000001,1.01,0.995791,1.0,2279970048,2705453824
93,2018-07-12,1.0,1.01,0.994467,0.9990700000000001,2404160000,2613084672
94,2018-07-11,1.0,1.01,0.998898,1.0,2524790016,2609512960
95,2018-07-10,1.01,1.01,0.997819,1.0,2974149888,2626198528
96,2018-07-09,1.0,1.01,1.0,1.01,2358560000,2619133440
97,2018-07-08,1.0,1.01,1.0,1.0,2142080000,2619159040
98,2018-07-07,1.0,1.01,0.989028,1.01,2134790016,2611572480
99,2018-07-06,1.01,1.01,0.998692,1.0,2460250112,2726117376
100,2018-07-05,1.0,1.01,0.999482,1.01,3606159872,2710307840
101,2018-07-04,0.998857,1.0,0.9934370000000001,0.999195,2638139904,2704046080
102,2018-07-03,0.997445,1.0,0.995343,1.0,2786769920,2700223488
103,2018-07-02,0.999402,1.0,0.993193,0.998859,2787729920,2705521408
104,2018-07-01,0.997323,1.01,0.997016,0.998821,3653040128,2699893248
105,2018-06-30,1.0,1.01,0.992682,0.999192,2540620032,2715288832
106,2018-06-29,0.9960469999999999,1.01,0.9902610000000001,1.0,2482319872,2696439040
107,2018-06-28,0.9988229999999999,1.0,0.9897889999999999,0.997193,2331049984,2703953152
108,2018-06-27,1.0,1.01,0.981484,0.997935,2055360000,2713609216
109,2018-06-26,0.998834,1.01,0.9905120000000001,1.0,2025110016,2703983616
110,2018-06-25,1.0,1.01,0.984719,1.0,3956019968,2619836928
111,2018-06-24,0.998875,1.02,0.971736,1.01,3952620032,2604208384
112,2018-06-23,1.0,1.01,0.9906209999999999,1.0,2500859904,2610703616
113,2018-06-22,1.0,1.03,0.990974,1.0,3747810048,2610382848
114,2018-06-21,1.0,1.01,0.994075,1.0,2017639936,2608547072
115,2018-06-20,1.0,1.01,0.994434,0.9988290000000001,2215259904,2611605760
116,2018-06-19,1.0,1.01,0.9948459999999999,1.0,2253370112,2616600576
117,2018-06-18,1.0,1.01,0.9911639999999999,1.0,2073910016,2615990784
118,2018-06-17,1.0,1.01,0.998453,1.01,1548390016,2619828992
119,2018-06-16,1.0,1.01,0.987984,1.0,1797939968,2617234944
120,2018-06-15,1.0,1.01,0.9951030000000001,1.01,2376110080,2511217920
121,2018-06-14,1.0,1.01,0.993035,1.0,3104209920,2512021760
122,2018-06-13,1.0,1.03,0.994316,1.0,3056750080,2519058176
123,2018-06-12,1.0,1.02,0.998669,1.0,2702340096,2517265408
124,2018-06-11,1.01,1.01,0.991656,1.0,2913220096,2520418816
125,2018-06-10,1.01,1.02,0.989031,0.998215,3845029888,2530640128
126,2018-06-09,1.0,1.01,0.999194,1.01,2006880000,2512298240
127,2018-06-08,0.9999399999999999,1.01,0.9943299999999999,1.0,2219579904,2506991104
128,2018-06-07,0.9994629999999999,1.01,0.996242,0.99875,2554540032,2505795072
129,2018-06-06,0.997917,1.01,0.990877,1.0,2508359936,2501917952
130,2018-06-05,0.9992629999999999,1.01,0.9908790000000001,1.0,2796069888,2505292800
131,2018-06-04,0.997714,1.01,0.995257,1.0,2798279936,2501409792
132,2018-06-03,0.99203,1.0,0.9868469999999999,1.0,2796300032,2487158272
133,2018-06-02,1.0,1.01,0.986231,0.9935299999999999,3187569920,2507596288
134,2018-06-01,0.9990879999999999,1.01,0.9946940000000001,1.0,2486080000,2504852992
135,2018-05-31,1.0,1.01,0.994691,0.9980030000000001,2613339904,2512157952
136,2018-05-30,0.9994870000000001,1.01,0.995158,0.999727,2429060096,2505854720
137,2018-05-29,0.9992700000000001,1.01,0.9857899999999999,1.0,3003919872,2505311744
138,2018-05-28,1.0,1.01,0.9874780000000001,1.0,2582710016,2508579584
139,2018-05-27,1.0,1.01,0.9915510000000001,0.999182,1885900032,2511545856
140,2018-05-26,1.0,1.01,0.9829049999999999,0.99989,1872140032,2514587648
141,2018-05-25,0.999292,1.01,0.990553,1.0,2375610112,2505365504
142,2018-05-24,1.0,1.01,0.9937280000000001,0.998818,3122710016,2510526720
143,2018-05-23,1.0,1.01,0.9960530000000001,1.0,3360600064,2509060608
144,2018-05-22,1.0,1.01,0.9960620000000001,1.0,2417590016,2514989312
145,2018-05-21,0.999592,1.01,0.9968450000000001,1.0,2406449920,2506117888
146,2018-05-20,1.0,1.0,0.990756,0.999117,2610939904,2510830592
147,2018-05-19,1.0,1.01,0.99425,1.0,2569299968,2507663360
148,2018-05-18,1.0,1.0,0.993732,1.0,3051709952,2312893696
149,2018-05-17,1.0,1.01,0.9967469999999999,1.0,3026749952,2308562176
150,2018-05-16,1.0,1.01,0.990384,0.99995,3238190080,2211882240
151,2018-05-15,1.0,1.01,0.9938530000000001,1.0,3315440128,2208327168
152,2018-05-14,1.0,1.01,0.989507,1.0,3820280064,2211479040
153,2018-05-13,1.0,1.01,0.9932479999999999,1.0,3179099904,2208214016
154,2018-05-12,0.99975,1.02,0.984735,1.0,4539990016,2106613760
155,2018-05-11,1.0,1.01,0.9829959999999999,1.0,4733060096,2115716480
156,2018-05-10,0.9994219999999999,1.01,0.995984,1.0,3430200064,2105922944
157,2018-05-09,1.0,1.01,0.993117,1.0,3236689920,2111399296
158,2018-05-08,0.9987450000000001,1.01,0.994675,1.0,3317769984,2154433280
159,2018-05-07,0.995351,1.01,0.99085,0.997237,4137240064,2186926336
160,2018-05-06,0.995906,1.01,0.9923209999999999,0.997202,3948859904,2257858560
161,2018-05-05,0.999448,1.0,0.992373,0.9962840000000001,3848780032,2265890048
162,2018-05-04,1.01,1.01,0.9922040000000001,0.998561,3844979968,2330611456
163,2018-05-03,0.996267,1.01,0.99392,0.997973,4307829760,2308492032
164,2018-05-02,1.0,1.0,0.9927360000000001,0.9974639999999999,3711889920,2418639872
165,2018-05-01,1.0,1.01,0.993633,1.0,3901110016,2417739776
166,2018-04-30,0.997553,1.01,0.9929209999999999,0.998919,4498440192,2411225600
167,2018-04-29,0.998866,1.01,0.9923040000000001,0.998016,5167799808,2414399488
168,2018-04-28,1.0,1.01,0.991015,0.9993350000000001,4066050048,2419018496
169,2018-04-27,1.0,1.01,0.995122,1.0,4060179968,2422085632
170,2018-04-26,1.0,1.01,0.992381,0.9996139999999999,4206320128,2422597632
171,2018-04-25,1.01,1.02,0.986074,0.991809,6126580224,2298787072
172,2018-04-24,0.998974,1.01,0.990297,1.0,5033249792,2284794368
173,2018-04-23,0.99513,1.0,0.9887799999999999,0.9978469999999999,3075480064,2276002560
174,2018-04-22,1.0,1.01,0.9891909999999999,0.9961959999999999,3176019968,2297004288
175,2018-04-21,0.9970709999999999,1.01,0.993816,0.999014,3570040064,2280442368
176,2018-04-20,0.99755,1.0,0.9882850000000001,0.998338,3458870016,2281536512
177,2018-04-19,0.997907,1.0,0.9928889999999999,0.997185,2217799936,2282352640
178,2018-04-18,1.0,1.01,0.983284,0.997609,2112089984,2288648192
179,2018-04-17,0.997217,1.01,0.9913200000000001,0.998556,2075650048,2280775936
180,2018-04-16,0.998884,1.01,0.9957540000000001,0.997592,2125180032,2284588800
181,2018-04-15,0.996308,1.01,0.986564,0.998602,2057859968,2278695680
182,2018-04-14,1.0,1.01,0.993994,0.9997659999999999,2060220032,2291314944
183,2018-04-13,0.9958389999999999,1.01,0.989434,0.9988950000000001,3218919936,2277623040
184,2018-04-12,0.996408,1.02,0.986025,0.9968309999999999,3636590080,2278925824
185,2018-04-11,0.9975930000000001,1.0,0.9925209999999999,1.0,1741699968,2281635328
186,2018-04-10,0.9969530000000001,1.0,0.9917440000000001,0.9973559999999999,1253949952,2280170752
187,2018-04-09,0.997541,1.01,0.9933930000000001,0.997555,1678770048,2281515776
188,2018-04-08,1.0,1.01,0.995091,0.9968090000000001,1090880000,2290638080
189,2018-04-07,1.0,1.01,0.9865200000000001,0.9996440000000001,1332259968,2291127296
190,2018-04-06,1.0,1.01,0.991376,1.0,1257110016,2287853312
191,2018-04-05,1.0,1.01,0.987434,1.0,1609469952,2291818752
192,2018-04-04,1.0,1.01,0.9942700000000001,1.0,1772329984,2296236032
193,2018-04-03,0.9975870000000001,1.01,0.995073,1.0,1753520000,2281622016
194,2018-04-02,1.0,1.01,0.98806,1.0,1550880000,2294764288
195,2018-04-01,0.9957020000000001,1.01,0.980778,0.9998100000000001,1832530048,2277309696
196,2018-03-31,0.997014,1.01,0.993569,1.0,1763719936,2280312320
197,2018-03-30,0.9958969999999999,1.01,0.979633,0.998943,2596849920,2277757696
198,2018-03-29,1.0,1.01,0.9824719999999999,0.9986229999999999,2486609920,2293081088
199,2018-03-28,1.0,1.01,0.993721,0.9992040000000001,1857049984,2292350208
200,2018-03-27,1.0,1.01,0.9894729999999999,1.0,2051079936,2292673280
201,2018-03-26,0.9966,1.01,0.983682,1.0,2183960064,2279363584
202,2018-03-25,1.0,1.01,0.994482,0.9996860000000001,1511320064,2287422976
203,2018-03-24,1.0,1.01,0.9942989999999999,1.01,1785500032,2290888192
204,2018-03-23,0.9992209999999999,1.01,0.9902350000000001,0.9902350000000001,1995699968,2285359104
205,2018-03-22,0.99946,1.01,0.993468,0.9989819999999999,2171849984,2215943680
206,2018-03-21,0.9969379999999999,1.01,0.992647,0.999244,2353890048,2210352896
207,2018-03-20,1.01,1.01,0.9895700000000001,0.9968319999999999,2506319872,2230491648
208,2018-03-19,0.982194,1.02,0.982194,0.989867,2638089984,2177662464
209,2018-03-18,1.01,1.01,0.9797809999999999,1.0,2639470080,2228614400
210,2018-03-17,1.0,1.01,0.9907309999999999,1.0,1687920000,2220585984
211,2018-03-16,0.997509,1.01,0.989567,0.998551,1872050048,2211618048
212,2018-03-15,1.0,1.01,0.9849389999999999,1.0,2259869952,2218615040
213,2018-03-14,0.9965809999999999,1.02,0.9913370000000001,1.0,2151670016,2209560576
214,2018-03-13,1.0,1.01,0.987195,0.999843,1890040064,2221213440
215,2018-03-12,1.0,1.01,0.9885299999999999,1.0,2155559936,2217541888
216,2018-03-11,1.0,1.01,0.9947090000000001,1.0,2394810112,2224830208
217,2018-03-10,0.997607,1.01,0.994936,1.01,2218810112,2211836160
218,2018-03-09,0.9997229999999999,1.01,0.9885639999999999,1.0,3131620096,2216526848
219,2018-03-08,1.0,1.01,0.985734,1.01,2636689920,2220542208
220,2018-03-07,0.9983540000000001,1.02,0.9813780000000001,1.0,3037380096,2213490432
221,2018-03-06,1.01,1.01,0.99626,1.0,2491849984,2228314880
222,2018-03-05,0.9975209999999999,1.0,0.9950190000000001,0.998864,2227680000,2211643648
223,2018-03-04,1.0,1.0,0.995287,0.997612,2133910016,2217572864
224,2018-03-03,0.9952479999999999,1.01,0.993477,1.0,2181489920,2206604800
225,2018-03-02,0.998189,1.01,0.994439,0.9997299999999999,2172250112,2213125120
226,2018-03-01,0.9998469999999999,1.01,0.9956790000000001,1.0,2285570048,2216801280
227,2018-02-28,1.0,1.01,0.992791,0.9989030000000001,2414230016,2224427520
228,2018-02-27,0.998677,1.01,0.991642,1.0,2473019904,2214207488
229,2018-02-26,0.997664,1.01,0.989677,0.999561,2362210048,2211961600
230,2018-02-25,1.0,1.01,0.9962290000000001,1.0,1968850048,2227758336
231,2018-02-24,1.0,1.01,0.9938870000000001,1.0,2417710080,2219662080
232,2018-02-23,1.01,1.01,0.9937020000000001,1.0,2815280128,2235883264
233,2018-02-22,1.0,1.01,0.9939979999999999,1.0,2904620032,2220534528
234,2018-02-21,1.01,1.01,0.988699,1.0,3459830016,2229033728
235,2018-02-20,1.0,1.01,0.994081,1.0,3126220032,2218574848
236,2018-02-19,1.0,1.01,0.994041,1.0,2546439936,2220089088
237,2018-02-18,1.0,1.02,0.9988319999999999,1.01,3124179968,2227521024
238,2018-02-17,1.0,1.01,0.996919,1.0,2797600000,2227641856
239,2018-02-16,1.01,1.01,0.9967459999999999,1.0,2605819904,2228312064
240,2018-02-15,1.01,1.02,0.9972030000000001,1.01,3286909952,2228322048
241,2018-02-14,0.997715,1.01,0.993292,1.0,3066190080,2212075776
242,2018-02-13,1.0,1.01,0.9959309999999999,1.0,2226759936,2218904320
243,2018-02-12,1.0,1.01,0.990812,1.0,2457489920,2217608960
244,2018-02-11,1.0,1.01,0.992728,0.999251,2431739904,2228046592
245,2018-02-10,1.0,1.01,0.993346,1.0,2628379904,2224852736
246,2018-02-09,1.02,1.05,0.995049,1.0,1631139968,2263895552
247,2018-02-08,0.99497,1.03,0.987534,1.02,2466619904,2205988096
248,2018-02-07,1.0,1.02,0.9846469999999999,1.0,3307539968,2221905664
249,2018-02-06,0.9785,1.02,0.958318,1.01,6247249920,2169471488
250,2018-02-05,0.9957940000000001,1.02,0.9447770000000001,0.996308,4078980096,2207815424
251,2018-02-04,1.0,1.01,0.975209,1.01,2504640000,2226848256
252,2018-02-03,0.9940709999999999,1.02,0.9828790000000001,1.0,2488529920,2203996416
253,2018-02-02,0.986294,1.02,0.9251440000000001,0.9907469999999999,4785869824,2186753536
254,2018-02-01,0.9915579999999999,1.01,0.9547709999999999,0.9869389999999999,3498899968,2198423808
255,2018-01-31,0.9925379999999999,1.0,0.971403,0.990274,2663930112,2230371840
256,2018-01-30,0.9986719999999999,1.01,0.9754360000000001,0.9864860000000001,3108630016,2275066368
257,2018-01-29,0.98844,1.0,0.981718,0.9953190000000001,2031160064,2251756544
258,2018-01-28,0.996548,1.0,0.981275,0.98879,2546639872,1612504576
259,2018-01-27,1.0,1.01,0.9922270000000001,0.993325,2051980032,1622632448
260,2018-01-26,0.9975709999999999,1.02,0.9857670000000001,1.0,2957009920,1614160768
261,2018-01-25,1.01,1.01,0.987358,0.9995950000000001,2571930112,1627038336
262,2018-01-24,1.0,1.03,0.992246,0.997484,2620630016,1619451264
263,2018-01-23,1.0,1.02,0.984474,1.01,3126830080,1624555392
264,2018-01-22,1.0,1.02,0.99151,1.01,3274899968,1624570880
265,2018-01-21,1.0,1.03,0.9970690000000001,0.9998610000000001,3302010112,1622821120
266,2018-01-20,1.01,1.01,0.9914430000000001,1.0,2942779904,1629409280
267,2018-01-19,1.02,1.04,1.0,1.0,2876989952,1655831936
268,2018-01-18,1.02,1.04,1.0,1.02,4302300160,1646024832
269,2018-01-17,1.03,1.07,0.9977389999999999,1.01,5588839936,1671282432
270,2018-01-16,1.01,1.05,0.999001,1.03,5552929792,1478028416
271,2018-01-15,1.02,1.02,1.0,1.01,2557179904,1490686976
272,2018-01-14,1.0,1.04,1.0,1.02,2960410112,1474488576
273,2018-01-13,1.0,1.01,0.996576,1.0,2759879936,1474155136
274,2018-01-12,1.01,1.02,0.997711,1.01,2668219904,1477266304
275,2018-01-11,0.999976,1.02,0.9901979999999999,1.0,3841110016,1468054272
276,2018-01-10,1.01,1.01,0.9964459999999999,1.0,3189860096,1475647488
277,2018-01-09,1.01,1.01,1.0,1.01,2766180096,1480690432
278,2018-01-08,1.01,1.04,0.997617,1.01,3815749888,1475635584
279,2018-01-07,1.01,1.02,0.998208,1.0,2338180096,1478767744
280,2018-01-06,1.0,1.01,0.9968469999999999,1.01,2620080128,1468496000
281,2018-01-05,1.0,1.01,0.985915,0.998634,3096620032,1470664960
282,2018-01-04,1.01,1.02,0.993822,1.0,3200130048,1386144640
283,2018-01-03,1.01,1.02,1.0,1.01,2471689984,1377124352
284,2018-01-02,1.01,1.01,0.99325,1.0,2635859968,1375936512
285,2018-01-01,1.01,1.02,1.0,1.01,1685299968,1385264256
286,2017-12-31,1.02,1.02,1.0,1.01,1927010048,1401350912
287,2017-12-30,1.01,1.03,0.992842,1.02,2711059968,1378644736
288,2017-12-29,1.01,1.02,1.0,1.01,1929090048,1281974912
289,2017-12-28,1.0,1.03,1.0,1.01,2211409920,1222126080
290,2017-12-27,1.0,1.01,0.996458,1.0,1939949952,1223800832
291,2017-12-26,1.01,1.02,0.9985799999999999,1.0,1854780032,1230872192
292,2017-12-25,1.03,1.03,1.01,1.01,1708380032,1250340992
293,2017-12-24,1.05,1.07,1.02,1.02,2611589888,1279864320
294,2017-12-23,1.01,1.05,1.01,1.05,2353740032,1233177344
295,2017-12-22,1.01,1.06,0.963089,1.02,4687949824,1225820544
296,2017-12-21,1.0,1.04,0.9938110000000001,1.01,3106720000,1171755648
297,2017-12-20,1.01,1.02,0.989079,1.0,3751790080,1178882432
298,2017-12-19,1.01,1.03,0.996768,1.01,3073860096,1133706240
299,2017-12-18,1.01,1.02,0.99574,1.01,2517230080,1130792576
300,2017-12-17,1.01,1.02,1.0,1.01,1931020032,1132154368
301,2017-12-16,1.02,1.02,1.0,1.01,1592729984,1036707968
302,2017-12-15,1.01,1.02,0.995525,1.02,2044499968,1029020224
303,2017-12-14,1.03,1.05,1.01,1.01,2336179968,912768000
304,2017-12-13,1.08,1.09,1.02,1.03,2198139904,906934528
305,2017-12-12,1.02,1.08,1.0,1.08,2240839936,854806080
306,2017-12-11,1.01,1.03,0.99995,1.02,1542119936,824372928
307,2017-12-10,1.02,1.04,0.9715360000000001,1.02,1649500032,831977600
308,2017-12-09,1.02,1.05,0.99356,1.02,1598909952,830770624
309,2017-12-08,1.04,1.06,0.986563,1.02,1993030016,843586880
310,2017-12-07,1.01,1.08,1.0,1.03,1671609984,819774912
311,2017-12-06,0.99976,1.02,0.99584,1.01,1281490048,813821696
312,2017-12-05,1.0,1.01,0.996458,1.0,814145984,816872000
313,2017-12-04,1.0,1.01,0.992132,1.0,668510016,816012096
314,2017-12-03,1.0,1.03,0.9853200000000001,1.0,946748992,814847488
315,2017-12-02,1.01,1.02,0.995611,0.999654,679950016,770857920
316,2017-12-01,1.01,1.02,0.993043,1.01,749395968,769515648
317,2017-11-30,1.0,1.03,0.9893190000000001,1.01,1043969984,741867712
318,2017-11-29,1.0,1.05,0.9556180000000001,0.990606,1672120064,675057728
319,2017-11-28,1.0,1.01,0.9960479999999999,1.0,794764032,676908032
320,2017-11-27,1.01,1.02,0.9981260000000001,1.0,784436992,679525056
321,2017-11-26,1.0,1.02,1.0,1.01,636451968,677815040
322,2017-11-25,1.0,1.01,0.9950760000000001,1.01,651987968,676530368
323,2017-11-24,1.0,1.01,0.9880040000000001,1.0,848627968,677757824
324,2017-11-23,0.998658,1.01,0.992239,0.9946309999999999,735883008,674061184
325,2017-11-22,0.9974270000000001,1.0,0.9927889999999999,1.0,499812000,673230464
326,2017-11-21,1.0,1.01,0.9885719999999999,0.9960469999999999,622649024,677308224
327,2017-11-20,1.0,1.0,0.9965379999999999,1.0,449595008,675897280
328,2017-11-19,1.0,1.01,0.996693,1.0,485752992,645544960
329,2017-11-18,1.0,1.01,0.99634,1.0,588136000,644434624
330,2017-11-17,0.995758,1.01,0.995758,1.0,639398016,611413376
331,2017-11-16,1.01,1.01,0.993232,1.0,650278976,597473152
332,2017-11-15,1.0,1.01,1.0,1.0,449671008,596737536
333,2017-11-14,1.01,1.01,0.996898,1.01,429857984,597132032
334,2017-11-13,1.0,1.03,0.975103,1.01,767884032,596721856
335,2017-11-12,1.01,1.11,0.967601,1.01,1466060032,597637632
336,2017-11-11,1.01,1.03,0.995799,1.01,746227968,567436416
337,2017-11-10,1.01,1.02,0.9954860000000001,1.01,756446016,537533952
338,2017-11-09,1.01,1.01,0.9965149999999999,1.01,358188000,499434112
339,2017-11-08,1.0,1.04,0.994842,1.01,526848992,516369760
340,2017-11-07,0.9998819999999999,1.01,0.9970829999999999,1.01,255132992,494003232
341,2017-11-06,1.0,1.01,0.9932690000000001,1.0,308963008,495238080
342,2017-11-05,1.0,1.01,0.995977,0.9988,234616000,494443680
343,2017-11-04,1.0,1.01,0.994864,1.0,285312000,489255200
344,2017-11-03,0.9990629999999999,1.01,0.9963629999999999,1.01,358886016,451638208
345,2017-11-02,0.9998530000000001,1.04,0.996339,1.0,425129984,451995072
346,2017-11-01,1.0,1.0,0.9956430000000001,1.0,246324000,452561280
347,2017-10-31,0.9983270000000001,1.0,0.996871,1.0,184182000,451305344
348,2017-10-30,1.0,1.0,0.9946649999999999,1.0,169424992,452540480
349,2017-10-29,1.0,1.01,0.991302,1.0,618257024,438159648
350,2017-10-28,0.9998379999999999,1.01,0.998318,1.0,120414000,436990944
351,2017-10-27,0.999916,1.01,0.9964149999999999,1.0,144634000,437024768
352,2017-10-26,1.0,1.01,0.9977389999999999,0.999868,162258000,438063104
353,2017-10-25,1.0,1.01,0.9958530000000001,1.0,171432992,438041504
354,2017-10-24,0.994611,1.02,0.9851139999999999,1.0,257372000,434706016
355,2017-10-23,1.0,1.01,0.993556,0.9965360000000001,203487008,437656160
356,2017-10-22,0.99992,1.01,0.996909,1.0,166215008,437025984
357,2017-10-21,1.0,1.01,0.9927739999999999,1.0,171818000,437391264
358,2017-10-20,1.0,1.01,0.997444,1.0,185163008,437495936
359,2017-10-19,1.0,1.01,0.996,1.0,150674000,438120224
360,2017-10-18,0.9989459999999999,1.01,0.9914870000000001,1.0,253904000,436600992
361,2017-10-17,0.998252,1.02,0.981165,0.9993350000000001,216808000,436297696
362,2017-10-16,0.998,1.01,0.9840200000000001,0.9980100000000001,204158000,436187424
363,2017-10-15,1.0,1.01,0.9927590000000001,0.999242,209190000,437236576
364,2017-10-14,1.0,1.0,0.9959030000000001,0.9997090000000001,139468000,437279296
365,2017-10-13,1.0,1.02,0.9926969999999999,1.0,319484992,437101024
366,2017-10-12,0.999843,1.0,0.990707,0.997423,216202000,436993056
367,2017-10-11,0.9979620000000001,1.0,0.9971059999999999,0.998625,85384600,436170688
368,2017-10-10,1.0,1.0,0.9965219999999999,0.999441,137687008,437229504
369,2017-10-09,0.9988969999999999,1.01,0.9944149999999999,0.9997799999999999,178567008,436579296
370,2017-10-08,0.99811,1.0,0.9953299999999999,0.998442,123005000,436235360
371,2017-10-07,0.9995879999999999,1.0,0.9928309999999999,0.9993200000000001,89544096,436881568
372,2017-10-06,1.0,1.01,0.998001,1.0,92153696,437245376
373,2017-10-05,1.0,1.01,0.996433,1.0,119952000,437179488
374,2017-10-04,1.0,1.01,0.997725,1.0,114903000,437896448
375,2017-10-03,1.0,1.01,0.9988,1.0,137567008,437885344
376,2017-10-02,0.998088,1.0,0.995807,1.0,126009000,436225792
377,2017-10-01,0.997266,1.0,0.994993,0.9999239999999999,103007000,435866656
378,2017-09-30,1.0,1.0,0.9939040000000001,0.9964879999999999,117411000,437243808
379,2017-09-29,0.9983569999999999,1.02,0.994503,0.999863,205406000,426359936
380,2017-09-28,1.0,1.01,0.9952639999999999,1.0,232499008,427100352
381,2017-09-27,1.0,1.0,0.9912860000000001,1.0,201224000,427608960
382,2017-09-26,1.0,1.01,0.9959459999999999,1.0,103839000,442851040
383,2017-09-25,1.0,1.01,0.9843879999999999,1.0,160336992,443878912
384,2017-09-24,1.0,1.01,0.9991,1.0,91337904,443271712
385,2017-09-23,1.0,1.01,0.997654,1.0,118296000,442840448
386,2017-09-22,1.01,1.01,0.998901,1.0,164432000,444763104
387,2017-09-21,0.9974459999999999,1.02,0.994434,1.0,231706000,441350976
388,2017-09-20,1.0,1.0,0.988993,1.0,137763008,444391968
389,2017-09-19,1.0,1.01,0.9954870000000001,1.0,163298000,443240192
390,2017-09-18,1.0,1.01,0.992399,1.0,214648000,443461248
391,2017-09-17,1.01,1.01,0.992028,1.01,119083000,445726240
392,2017-09-16,1.0,1.04,0.99121,1.0,233444992,443607200
393,2017-09-15,1.0,1.03,0.966404,1.01,540294976,420282688
394,2017-09-14,1.0,1.03,0.979949,1.0,356495008,414813344
395,2017-09-13,1.0,1.02,0.9919629999999999,1.0,257404000,404357536
396,2017-09-12,1.0,1.02,0.9962260000000001,1.01,162774000,404210368
397,2017-09-11,1.0,1.02,0.990974,1.0,125845000,405354848
398,2017-09-10,1.0,1.02,0.99618,1.01,163772992,405081600
399,2017-09-09,1.01,1.01,0.9983700000000001,1.0,119580000,398820000
400,2017-09-08,1.0,1.05,0.9973270000000001,1.01,319590016,394388160
401,2017-09-07,1.0,1.01,0.99577,1.0,166452992,386679360
402,2017-09-06,1.01,1.05,1.0,1.01,192688992,387469120
403,2017-09-05,1.03,1.04,0.999893,1.0,271614016,379945248
404,2017-09-04,1.0,1.05,0.997741,1.03,375472992,364942624
405,2017-09-03,1.01,1.03,0.9996200000000001,1.0,188687008,348835808
406,2017-09-02,1.0,1.04,0.9987389999999999,1.02,345971008,320965888
407,2017-09-01,1.0,1.01,1.0,1.0,199664000,320792480
408,2017-08-31,1.0,1.01,0.9995139999999999,1.0,109217000,319518400
409,2017-08-30,1.0,1.01,0.9961190000000001,1.0,114992000,320041376
410,2017-08-29,1.0,1.02,0.99569,1.0,132123000,320306528
411,2017-08-28,1.0,1.01,0.9955649999999999,1.0,130785000,320279232
412,2017-08-27,1.0,1.01,0.9970899999999999,1.0,104722000,319542624
413,2017-08-26,1.0,1.01,0.995768,0.9989319999999999,98081296,320776064
414,2017-08-25,1.0,1.02,0.9981120000000001,1.0,116308000,321015424
415,2017-08-24,0.999332,1.01,0.990714,1.0,132330000,319287936
416,2017-08-23,1.0,1.01,0.991684,1.0,195159008,320871552
417,2017-08-22,1.0,1.02,0.990916,1.01,241915008,319888224
418,2017-08-21,0.9995379999999999,1.01,0.990459,0.9992629999999999,208830000,319353664
419,2017-08-20,0.997167,1.02,0.983909,0.9966290000000001,133754000,318596320
420,2017-08-19,1.01,1.04,0.980183,1.0,281632992,322030368
421,2017-08-18,1.01,1.03,0.9849049999999999,1.01,255272000,322034592
422,2017-08-17,1.0,1.01,0.9890700000000001,1.01,166152000,319712160
423,2017-08-16,0.9989629999999999,1.01,0.991915,1.0,121473000,319170080
424,2017-08-15,1.0,1.02,0.9945129999999999,1.0,213099008,319616608
425,2017-08-14,0.995682,1.01,0.990626,0.9981629999999999,125445000,318121664
426,2017-08-13,1.0,1.02,0.9804139999999999,0.998616,198568992,319661280
427,2017-08-12,1.0,1.01,0.9952129999999999,1.0,130896000,319784512
428,2017-08-11,0.996635,1.01,0.9884280000000001,1.0,111829000,318426208
429,2017-08-10,0.998799,1.01,0.988217,0.992991,91695000,319117600
430,2017-08-09,0.999236,1.01,0.993707,1.0,140568992,319257024
431,2017-08-08,0.9942200000000001,1.01,0.989566,1.0,130482000,317654592
432,2017-08-07,0.999468,1.01,0.9900559999999999,0.9962540000000001,110170000,319331072
433,2017-08-06,1.0,1.01,0.9931190000000001,1.0,103532000,320093056
434,2017-08-05,1.0,1.03,0.991505,0.9983139999999999,173138000,320940416
435,2017-08-04,0.9684520000000001,1.01,0.966326,1.0,59432500,309421600
436,2017-08-03,1.0,1.01,0.9554040000000001,0.969304,57242700,320322304
437,2017-08-02,0.9965809999999999,1.01,0.985239,1.0,84592704,318408704
438,2017-08-01,1.0,1.02,0.988123,0.996819,170044992,320388192
439,2017-07-31,1.0,1.01,0.995719,1.0,75184896,319511648
440,2017-07-30,0.996776,1.0,0.991188,0.998868,60213000,318471136
441,2017-07-29,0.999755,1.01,0.993449,0.996619,73768304,319422912
442,2017-07-28,0.9960600000000001,1.01,0.9904850000000001,1.0,116290000,318242336
443,2017-07-27,0.9988389999999999,1.01,0.991769,0.997275,79850000,319130336
444,2017-07-26,0.9986450000000001,1.01,0.989915,0.9969549999999999,111957000,319068416
445,2017-07-25,0.9942840000000001,1.02,0.9847540000000001,0.9998020000000001,220992000,317675040
446,2017-07-24,0.999919,1.0,0.9888389999999999,0.9939969999999999,75766896,319475360
447,2017-07-23,0.9947729999999999,1.01,0.990375,0.997761,114229000,317831296
448,2017-07-22,0.9996120000000001,1.0,0.986424,0.9932,131558000,319377280
449,2017-07-21,0.9986360000000001,1.02,0.984893,0.997202,168919008,319065408
450,2017-07-20,0.99098,1.02,0.9767020000000001,0.986866,278993984,306709536
451,2017-07-19,1.0,1.03,0.980136,1.0,199312000,309942048
452,2017-07-18,0.9950209999999999,1.02,0.982123,0.998216,238396000,293035072
453,2017-07-17,0.988208,1.01,0.9839700000000001,0.9968879999999999,171476000,291008736
454,2017-07-16,1.0,1.02,0.969665,0.9991610000000001,177914000,295162368
455,2017-07-15,1.0,1.02,0.9884860000000001,1.0,125229000,290061056
456,2017-07-14,1.0,1.01,0.994217,1.0,93146704,289634624
457,2017-07-13,0.999669,1.02,0.99941,1.0,104236000,268892256
458,2017-07-12,1.01,1.02,0.99549,0.9974559999999999,131420000,260928816
459,2017-07-11,1.02,1.04,0.9987739999999999,1.01,173424000,239198384
460,2017-07-10,1.01,1.02,0.9915149999999999,1.01,132682000,221114096
461,2017-07-09,0.9996010000000001,1.01,0.998527,1.01,45640800,219893504
462,2017-07-08,1.01,1.02,0.997497,0.999725,62607300,221836720
463,2017-07-07,1.0,1.02,1.0,1.01,84663200,220508816
464,2017-07-06,0.995936,1.01,0.995936,1.0,44331000,219086608
465,2017-07-05,1.0,1.02,0.994445,0.99646,66727600,220125888
466,2017-07-04,0.9996010000000001,1.01,0.9872139999999999,0.998828,87707904,219892848
467,2017-07-03,1.01,1.02,0.992834,1.0,87514200,223016704
468,2017-07-02,1.02,1.03,1.01,1.02,76519200,219180432
469,2017-07-01,1.01,1.04,1.01,1.02,82133800,217215408
470,2017-06-30,1.02,1.02,0.9973549999999999,1.01,72550400,218616192
471,2017-06-29,1.01,1.04,1.0,1.02,101103000,146484464
472,2017-06-28,1.01,1.04,0.995934,1.01,128750000,146266672
473,2017-06-27,1.01,1.06,0.9880209999999999,1.01,171804992,146155648
474,2017-06-26,1.01,1.06,0.9706670000000001,1.01,195886000,146479872
475,2017-06-25,1.02,1.04,0.998245,1.01,102005000,147510144
476,2017-06-24,1.01,1.04,1.0,1.02,79286600,145581616
477,2017-06-23,0.9724959999999999,1.01,0.9693620000000001,1.01,41182300,140714112
478,2017-06-22,0.981174,0.995994,0.9679549999999999,0.972902,63105300,141969856
479,2017-06-21,0.975087,0.997024,0.951189,0.981361,108254000,141088992
480,2017-06-20,0.9861559999999999,0.990411,0.9563809999999999,0.9752719999999999,88767296,125729000
481,2017-06-19,1.0,1.01,0.982742,0.9864059999999999,75733696,127821000
482,2017-06-18,0.9886739999999999,1.04,0.976657,1.0,114519000,126050000
483,2017-06-17,1.02,1.03,0.9788040000000001,0.988584,104554000,130158000
484,2017-06-16,1.01,1.05,1.01,1.02,109032000,129124000
485,2017-06-15,1.03,1.06,0.995499,1.02,243107008,131306000
486,2017-06-14,1.01,1.06,1.01,1.03,139975008,128630000
487,2017-06-13,1.03,1.04,1.0,1.01,105293000,131201000
488,2017-06-12,1.01,1.09,1.0,1.02,211119008,128293000
489,2017-06-11,1.02,1.03,0.996783,1.01,84910496,130666000
490,2017-06-10,0.999158,1.03,0.99831,1.02,80163296,127386000
491,2017-06-09,1.0,1.01,0.998157,1.0,58031200,127906000
492,2017-06-08,1.02,1.03,1.0,1.0,65560000,106791000
493,2017-06-07,1.0,1.03,0.9965930000000001,1.01,97386096,105220000
494,2017-06-06,1.02,1.04,0.995467,1.0,152408000,106682000
495,2017-06-05,1.01,1.03,1.01,1.02,49132500,106012000
496,2017-06-04,1.02,1.03,1.01,1.01,49194800,107470000
497,2017-06-03,1.03,1.04,1.02,1.02,43629000,107827000
498,2017-06-02,1.03,1.05,1.02,1.02,49197100,108350000
499,2017-06-01,1.04,1.05,1.02,1.03,100614000,108739000
500,2017-05-31,1.01,1.06,1.01,1.04,84739904,106342000
501,2017-05-30,1.02,1.04,1.0,1.01,108331000,107170000
502,2017-05-29,1.04,1.05,1.01,1.02,80508896,109529000
503,2017-05-28,1.02,1.11,1.02,1.04,110026000,107331000
504,2017-05-27,1.05,1.21,1.0,1.02,186683008,99512496
505,2017-05-26,1.02,1.1,1.01,1.04,125946000,69907904
506,2017-05-25,1.02,1.1,1.0,1.04,144036000,69488600
507,2017-05-24,1.01,1.05,0.9989459999999999,1.02,87804800,64798700
508,2017-05-23,1.01,1.03,1.0,1.01,59043000,63297800
509,2017-05-22,1.0,1.04,0.983247,1.01,79739904,62677500
510,2017-05-21,0.992749,1.0,0.9864120000000001,1.0,46162600,61940800
511,2017-05-20,0.998833,1.01,0.9821350000000001,0.993431,42299800,62321400
512,2017-05-19,0.9672440000000001,1.0,0.9622120000000001,1.0,53721400,60352400
513,2017-05-18,0.961148,0.9802069999999999,0.9506620000000001,0.967143,44705600,59972000
514,2017-05-17,0.9529629999999999,0.987525,0.9193979999999999,0.9704290000000001,60057700,59461300
515,2017-05-16,0.970698,0.98672,0.9566100000000001,0.958591,53097800,60565400
516,2017-05-15,0.980577,0.992408,0.967298,0.967298,37380700,61184200
517,2017-05-14,0.972775,0.9937299999999999,0.9706469999999999,0.9811059999999999,23922200,60697400
518,2017-05-13,0.981353,0.9885200000000001,0.9631149999999999,0.973648,28873700,61232700
519,2017-05-12,0.9750989999999999,0.9986780000000001,0.96065,0.9760700000000001,42850000,60842400
520,2017-05-11,0.97982,0.9953059999999999,0.965893,0.983721,46800700,61137000
521,2017-05-10,0.970483,0.9901200000000001,0.970483,0.982,45884200,60558100
522,2017-05-09,0.967255,0.970504,0.967255,0.9704870000000001,62186400,60360500
523,2017-05-08,0.9689620000000001,0.9689620000000001,0.967203,0.96726,85211504,60466400
524,2017-05-07,0.9686379999999999,0.969836,0.9686379999999999,0.96899,72995504,60446200
525,2017-05-06,0.955667,0.968619,0.955667,0.968619,44047300,59636700
526,2017-05-05,0.945975,0.955601,0.945975,0.955601,69583296,59031900
527,2017-05-04,0.933356,0.945931,0.933356,0.945931,56022400,57343000
528,2017-05-03,0.9326120000000001,0.9339299999999999,0.932392,0.933351,33500300,58811700
529,2017-05-02,0.9358569999999999,0.9358569999999999,0.9324680000000001,0.932607,22268100,58977000
530,2017-05-01,0.9368549999999999,0.937218,0.9358709999999999,0.9358709999999999,44582500,59034000
531,2017-04-30,0.9371889999999999,0.9371959999999999,0.935584,0.9368540000000001,23739900,59055700
532,2017-04-29,0.934557,0.937409,0.934557,0.937193,26533600,58065900
533,2017-04-28,0.924343,0.934542,0.924335,0.934542,26494600,57450300
534,2017-04-27,0.921049,0.924415,0.9210459999999999,0.924351,24062800,57277700
535,2017-04-26,0.913539,0.92105,0.913539,0.92105,18772400,59154900
536,2017-04-25,0.917876,0.917876,0.913595,0.913595,12707000,50230200
537,2017-04-24,0.921308,0.921308,0.91789,0.91789,15265400,50423200
538,2017-04-23,0.9407409999999999,0.9407409999999999,0.921333,0.921333,17298600,51488800
539,2017-04-22,0.984,0.984,0.9409290000000001,0.9409290000000001,14711900,53866300
540,2017-04-21,0.9982690000000001,0.9982690000000001,0.9841690000000001,0.9841690000000001,15935100,54688500
541,2017-04-20,0.999525,0.999691,0.9978299999999999,0.998275,20548000,54798700
542,2017-04-19,0.999617,0.9996219999999999,0.999175,0.9995229999999999,18244800,60720500
543,2017-04-18,0.999294,0.999793,0.999294,0.999616,26367700,50707900
544,2017-04-17,0.9994350000000001,0.999498,0.997826,0.999288,17280800,50715100
545,2017-04-16,0.9999389999999999,0.9999459999999999,0.999458,0.999458,7208670,50740700
546,2017-04-15,0.999031,0.999949,0.999,0.9999389999999999,14030700,50694600
547,2017-04-14,0.999618,0.999755,0.998664,0.998986,14768200,50724400
548,2017-04-13,0.999558,0.9997309999999999,0.9993059999999999,0.9996120000000001,24018200,50721300
549,2017-04-12,0.999842,0.999934,0.9995620000000001,0.9995620000000001,20964000,54942200
550,2017-04-11,0.999934,0.9999370000000001,0.9995299999999999,0.999843,12213800,54947200
551,2017-04-10,0.9999600000000001,0.999985,0.999591,0.9999309999999999,12279500,54948700
552,2017-04-09,0.999714,0.999967,0.99795,0.9999600000000001,18951900,54935200
553,2017-04-08,0.9998739999999999,0.999958,0.998663,0.9997159999999999,14282200,54943900
554,2017-04-07,0.9999370000000001,0.999965,0.9997809999999999,0.999873,21336300,54947400
555,2017-04-06,1.0,1.0,0.9999389999999999,0.9999389999999999,33731600,54957500
556,2017-04-05,1.0,1.0,0.9999530000000001,1.0,26734200,54952500
557,2017-04-04,0.999771,1.0,0.9996940000000001,1.0,26434800,54938300
558,2017-04-03,1.0,1.0,0.999122,0.9997520000000001,42028500,55003100
559,2017-04-02,0.999582,1.0,0.999245,1.0,45911500,54927900
560,2017-04-01,1.0,1.0,0.9973870000000001,0.9995860000000001,15118800,54952000
561,2017-03-31,0.999985,1.0,0.9999180000000001,1.0,34115800,54950000
562,2017-03-30,0.999948,1.0,0.999864,0.999986,25009900,54948000
563,2017-03-29,1.0,1.0,0.9998309999999999,0.9999469999999999,16816300,44951300
564,2017-03-28,1.0,1.0,1.0,1.0,15602800,44951300
565,2017-03-27,1.0,1.0,1.0,1.0,19270700,44951300
566,2017-03-26,0.999915,1.0,0.999915,1.0,16614300,44947000
567,2017-03-25,0.999898,1.0,0.999869,0.999916,28141600,44946300
568,2017-03-24,1.0,1.0,0.999893,0.9998959999999999,33351200,44954000
569,2017-03-23,1.0,1.0,1.0,1.0,12763900,44952700
570,2017-03-22,1.0,1.0,1.0,1.0,22713300,44952200
571,2017-03-21,1.0,1.0,0.999986,1.0,21556400,44959900
572,2017-03-20,1.0,1.0,1.0,1.0,16075100,44953100
573,2017-03-19,1.0,1.0,0.99997,1.0,33106500,44952200
574,2017-03-18,1.0,1.0,0.9999370000000001,1.0,49039900,44952200
575,2017-03-17,1.0,1.0,1.0,1.0,46381300,34951400
576,2017-03-16,1.0,1.0,1.0,1.0,39496700,34950700
577,2017-03-15,1.0,1.0,1.0,1.0,20476500,34951100
578,2017-03-14,1.0,1.0,1.0,1.0,13773800,34951800
579,2017-03-13,1.0,1.0,0.9999950000000001,1.0,25101200,34953200
580,2017-03-12,1.0,1.0,1.0,1.0,13039200,34951800
581,2017-03-11,0.999991,1.0,0.999991,1.0,15269400,34950100
582,2017-03-10,0.9999049999999999,1.0,0.999875,0.9999899999999999,26308800,34947100
583,2017-03-09,1.0,1.0,0.999876,0.999906,9560830,34950700
584,2017-03-08,1.0,1.0,1.0,1.0,11995300,34951100
585,2017-03-07,1.0,1.0,1.0,1.0,10782500,24951900
586,2017-03-06,1.0,1.0,1.0,1.0,4261790,24951200
587,2017-03-05,1.0,1.0,1.0,1.0,6111390,24951200
588,2017-03-04,1.0,1.0,0.9999979999999999,1.0,6427490,24951000
589,2017-03-03,1.0,1.0,1.0,1.0,12268600,24951000
590,2017-03-02,0.999999,1.0,0.999999,1.0,14420000,24951000
591,2017-03-01,0.999972,1.0,0.9999389999999999,0.9999979999999999,11999700,24950300
592,2017-02-28,1.0,1.0,0.999886,0.99997,5557310,24952700
593,2017-02-27,1.0,1.0,0.999984,1.0,3063750,24951200
594,2017-02-26,1.0,1.0,0.999843,1.0,2280940,24952000
595,2017-02-25,0.9999979999999999,1.0,0.9999979999999999,1.0,3747980,24950900
596,2017-02-24,0.9999969999999999,0.9999979999999999,0.9999969999999999,0.9999979999999999,10607500,24950900
597,2017-02-23,0.9999709999999999,0.9999969999999999,0.999906,0.9999969999999999,3150010,24950300
598,2017-02-22,0.999771,0.9999979999999999,0.9991450000000001,0.999967,1763290,24945300
599,2017-02-21,0.9999969999999999,1.0,0.999641,0.99976,4595170,24950900
600,2017-02-20,0.9998969999999999,1.0,0.9998959999999999,0.9999969999999999,2550470,24948400
601,2017-02-19,1.0,1.0,0.999898,0.999898,1071870,24951200
602,2017-02-18,1.0,1.0,1.0,1.0,1404980,24951500
603,2017-02-17,1.0,1.0,1.0,1.0,2135320,24952200
604,2017-02-16,1.0,1.0,1.0,1.0,1565660,24995700
605,2017-02-15,1.0,1.0,1.0,1.0,1654380,24951000
606,2017-02-14,1.0,1.0,1.0,1.0,2438910,24951000
607,2017-02-13,0.999999,1.0,0.999999,1.0,1347810,24951000
608,2017-02-12,0.999999,0.999999,0.999999,0.999999,1105600,24951000
609,2017-02-11,0.999999,0.999999,0.999999,0.999999,1685670,24951000
610,2017-02-10,0.999999,0.999999,0.999999,0.999999,3640970,24951000
611,2017-02-09,0.999999,0.999999,0.999999,0.999999,8872190,24951000
612,2017-02-08,0.999999,0.999999,0.999999,0.999999,3003910,24951000
613,2017-02-07,0.9999979999999999,0.999999,0.9999979999999999,0.999999,2216310,24951500
614,2017-02-06,0.999999,0.999999,0.9999979999999999,0.9999979999999999,1129720,24951600
615,2017-02-05,0.999999,0.999999,0.999999,0.999999,2141090,24951600
616,2017-02-04,0.9999979999999999,0.999999,0.9999979999999999,0.999999,2837660,24951500
617,2017-02-03,0.999994,0.9999979999999999,0.999994,0.9999979999999999,2994180,24951400
618,2017-02-02,0.999999,0.999999,0.849809,0.999994,3494060,24951600
619,2017-02-01,0.9999969999999999,0.999999,0.9999969999999999,0.999999,3435630,24951500
620,2017-01-31,1.0,1.0,0.9999790000000001,0.9999969999999999,2762940,14956400
621,2017-01-30,1.0,1.0,0.999994,1.0,681519,14951700
622,2017-01-29,1.0,1.0,1.0,1.0,745036,14951700
623,2017-01-28,1.0,1.0,1.0,1.0,1560910,14951700
624,2017-01-27,1.0,1.0,1.0,1.0,1360880,14951700
625,2017-01-26,1.0,1.0,1.0,1.0,1814250,14951700
626,2017-01-25,1.0,1.0,1.0,1.0,1565260,14951700
627,2017-01-24,1.0,1.0,1.0,1.0,3160230,14951700
628,2017-01-23,1.0,1.0,1.0,1.0,2533860,14951700
629,2017-01-22,1.0,1.0,1.0,1.0,2629330,14951700
630,2017-01-21,1.0,1.0,1.0,1.0,2455610,14951700
631,2017-01-20,1.0,1.0,1.0,1.0,2085240,14951700
632,2017-01-19,1.0,1.0,1.0,1.0,2241690,14951700
633,2017-01-18,1.0,1.0,1.0,1.0,3458060,14951700
634,2017-01-17,1.0,1.0,1.0,1.0,4345620,14951700
635,2017-01-16,1.0,1.0,1.0,1.0,1223000,14951900
636,2017-01-15,1.0,1.0,1.0,1.0,1334200,14952000
637,2017-01-14,1.0,1.0,1.0,1.0,1533240,14951700
638,2017-01-13,1.0,1.0,1.0,1.0,2739310,14951700
639,2017-01-12,1.0,1.0,1.0,1.0,5552980,14951700
640,2017-01-11,1.0,1.0,1.0,1.0,9628470,14951700
641,2017-01-10,1.0,1.0,1.0,1.0,1379840,14951700
642,2017-01-09,1.0,1.0,1.0,1.0,2717290,14951700
643,2017-01-08,1.0,1.0,1.0,1.0,3800480,14951700
644,2017-01-07,1.0,1.0,1.0,1.0,5932450,14951700
645,2017-01-06,1.0,1.0,1.0,1.0,7969720,14951700
646,2017-01-05,1.0,1.0,1.0,1.0,13406600,9951690
647,2017-01-04,1.0,1.0,1.0,1.0,7463910,9951690
648,2017-01-03,1.0,1.0,1.0,1.0,3267910,9951690
649,2017-01-02,1.0,1.0,1.0,1.0,3107780,9951690
650,2017-01-01,1.0,1.0,1.0,1.0,1946000,9951690
651,2016-12-31,1.0,1.0,1.0,1.0,775440,9951790
652,2016-12-30,1.0,1.0,1.0,1.0,2515800,6951730
653,2016-12-29,1.0,1.0,1.0,1.0,2794880,6951870
654,2016-12-28,1.0,1.0,1.0,1.0,2943940,6951660
655,2016-12-27,1.0,1.0,1.0,1.0,2108650,6951660
656,2016-12-26,1.0,1.0,1.0,1.0,1279530,6951660
657,2016-12-25,1.0,1.0,1.0,1.0,1911330,6951660
658,2016-12-24,1.0,1.0,1.0,1.0,1808220,6952770
659,2016-12-23,1.0,1.0,1.0,1.0,2873180,6951590
660,2016-12-22,1.0,1.0,1.0,1.0,1247890,6951590
661,2016-12-21,1.0,1.0,1.0,1.0,821307,6951590
662,2016-12-20,1.0,1.0,1.0,1.0,412630,6951590
663,2016-12-19,1.0,1.0,1.0,1.0,403551,6951660
664,2016-12-18,1.0,1.0,1.0,1.0,430745,6951800
665,2016-12-17,1.0,1.0,1.0,1.0,372542,6951800
666,2016-12-16,1.0,1.0,1.0,1.0,207220,6951590
667,2016-12-15,1.0,1.0,1.0,1.0,388753,6951590
668,2016-12-14,1.0,1.0,1.0,1.0,585908,6951590
669,2016-12-13,1.0,1.0,1.0,1.0,923361,6951590
670,2016-12-12,1.0,1.0,1.0,1.0,735546,6951590
671,2016-12-11,1.0,1.0,1.0,1.0,419496,6951590
672,2016-12-10,1.0,1.0,0.9999540000000001,1.0,289281,6951590
673,2016-12-09,1.0,1.0,1.0,1.0,257304,6951590
674,2016-12-08,1.0,1.0,1.0,1.0,424174,6951590
675,2016-12-07,1.0,1.0,1.0,1.0,677377,6951590
676,2016-12-06,1.0,1.0,0.999994,1.0,2074660,6951730
677,2016-12-05,1.0,1.0,1.0,1.0,1166450,6952770
678,2016-12-04,1.0,1.0,0.999974,1.0,338054,6951730
679,2016-12-03,1.0,1.0,1.0,1.0,566210,6951590
680,2016-12-02,1.0,1.0,1.0,1.0,1548020,6951590
681,2016-12-01,1.0,1.0,1.0,1.0,916660,6951590
682,2016-11-30,1.0,1.0,1.0,1.0,517118,6951590
683,2016-11-29,1.0,1.0,1.0,1.0,602186,6951590
684,2016-11-28,1.0,1.0,1.0,1.0,293938,6951590
685,2016-11-27,1.0,1.0,1.0,1.0,369032,6951590
686,2016-11-26,1.0,1.0,1.0,1.0,398097,6951590
687,2016-11-25,1.0,1.0,1.0,1.0,447527,6951590
688,2016-11-24,1.0,1.0,1.0,1.0,1157470,6951590
689,2016-11-23,1.0,1.0,1.0,1.0,533171,6951590
690,2016-11-22,1.0,1.0,1.0,1.0,996653,6951590
691,2016-11-21,1.0,1.0,1.0,1.0,2210850,6951590
692,2016-11-20,1.0,1.0,1.0,1.0,1149160,6951590
693,2016-11-19,1.0,1.0,1.0,1.0,444691,6951590
694,2016-11-18,1.0,1.0,1.0,1.0,566442,6951590
695,2016-11-17,1.0,1.0,1.0,1.0,987757,6951590
696,2016-11-16,1.0,1.0,1.0,1.0,1524490,6951590
697,2016-11-15,1.0,1.0,1.0,1.0,2252560,6951590
698,2016-11-14,1.0,1.0,1.0,1.0,389749,6951590
699,2016-11-13,1.0,1.0,1.0,1.0,898023,6951590
700,2016-11-12,1.0,1.0,1.0,1.0,670202,6951590
701,2016-11-11,0.9999969999999999,1.0,0.9999969999999999,1.0,661204,6951570
702,2016-11-10,1.0,1.0,0.9999969999999999,0.9999969999999999,481368,6951590
703,2016-11-09,1.0,1.0,1.0,1.0,1916180,6951590
704,2016-11-08,1.0,1.0,1.0,1.0,768255,6951590
705,2016-11-07,1.0,1.0,1.0,1.0,589834,6951590
706,2016-11-06,1.0,1.0,1.0,1.0,931269,6951590
707,2016-11-05,1.0,1.0,1.0,1.0,417538,6951590
708,2016-11-04,1.0,1.0,1.0,1.0,1256100,6951590
709,2016-11-03,1.0,1.0,1.0,1.0,2399930,6951590
710,2016-11-02,1.0,1.0,1.0,1.0,1449000,6951590
711,2016-11-01,1.0,1.0,1.0,1.0,2244990,6951590
712,2016-10-31,1.0,1.0,1.0,1.0,1022220,6951590
713,2016-10-30,1.0,1.0,1.0,1.0,1550060,6951590
714,2016-10-29,1.0,1.0,1.0,1.0,2077010,6951590
715,2016-10-28,1.0,1.0,1.0,1.0,874147,6951590
716,2016-10-27,1.0,1.0,1.0,1.0,747629,6951590
717,2016-10-26,1.0,1.0,1.0,1.0,762026,6951590
718,2016-10-25,1.0,1.0,1.0,1.0,552686,6951590
719,2016-10-24,1.0,1.0,1.0,1.0,274414,6951590
720,2016-10-23,1.0,1.0,1.0,1.0,633006,6951590
721,2016-10-22,1.0,1.0,1.0,1.0,794533,6951590
722,2016-10-21,1.0,1.0,1.0,1.0,185916,6951590
723,2016-10-20,1.0,1.0,1.0,1.0,205344,6951590
724,2016-10-19,1.0,1.0,1.0,1.0,410009,6951590
725,2016-10-18,1.0,1.0,1.0,1.0,321977,6951590
726,2016-10-17,1.0,1.0,1.0,1.0,1045550,6951590
727,2016-10-16,1.0,1.0,1.0,1.0,292196,6951590
728,2016-10-15,0.999999,1.0,0.999999,1.0,278547,6951580
729,2016-10-14,1.0,1.0,0.999999,0.999999,233907,6951590
730,2016-10-13,1.0,1.0,1.0,1.0,359664,6951590
731,2016-10-12,1.0,1.0,1.0,1.0,485002,6951590
732,2016-10-11,1.0,1.0,1.0,1.0,1153880,6951590
733,2016-10-10,1.0,1.0,1.0,1.0,346058,6951590
734,2016-10-09,1.0,1.0,1.0,1.0,254639,6951590
735,2016-10-08,1.0,1.0,1.0,1.0,369612,6951590
736,2016-10-07,1.0,1.0,1.0,1.0,501840,6951590
737,2016-10-06,1.0,1.0,1.0,1.0,406883,6951590
738,2016-10-05,1.0,1.0,1.0,1.0,753062,6951590
739,2016-10-04,0.9999979999999999,1.0,0.9999979999999999,1.0,462509,6951580
740,2016-10-03,0.9999979999999999,0.9999979999999999,0.9999969999999999,0.9999979999999999,335206,6951580
741,2016-10-02,1.0,1.0,0.9999979999999999,0.9999979999999999,263174,6951590
742,2016-10-01,1.0,1.0,1.0,1.0,365091,6951590
743,2016-09-30,1.0,1.0,1.0,1.0,402548,6951590
744,2016-09-29,1.0,1.0,1.0,1.0,289768,6951590
745,2016-09-28,1.0,1.0,1.0,1.0,243485,6951590
746,2016-09-27,1.0,1.0,1.0,1.0,370561,6951590
747,2016-09-26,1.0,1.0,1.0,1.0,479180,6951590
748,2016-09-25,0.999999,1.0,0.999999,1.0,204381,6951580
749,2016-09-24,0.999999,0.999999,0.999999,0.999999,273642,6951580
750,2016-09-23,0.999999,0.999999,0.999999,0.999999,907263,6951580
751,2016-09-22,0.9999889999999999,0.999999,0.9999889999999999,0.999999,748610,6951510
752,2016-09-21,0.999999,0.999999,0.9999870000000001,0.9999879999999999,1023360,6951580
753,2016-09-20,0.999999,0.999999,0.999999,0.999999,1590290,6951580
754,2016-09-19,0.999923,0.999999,0.999923,0.999999,518342,6951060
755,2016-09-18,0.999999,1.0,0.9998879999999999,0.999923,579543,6951580
756,2016-09-17,0.999999,0.999999,0.999999,0.999999,243461,6951580
757,2016-09-16,0.999993,0.999999,0.999993,0.999999,719125,6951540
758,2016-09-15,1.0,1.0,0.999993,0.999993,774746,6951590
759,2016-09-14,1.0,1.0,1.0,1.0,845294,6951660
760,2016-09-13,1.0,1.0,1.0,1.0,1503640,6956460
761,2016-09-12,1.0,1.0,1.0,1.0,982954,6951590
762,2016-09-11,1.0,1.0,1.0,1.0,968191,6951590
763,2016-09-10,1.0,1.0,1.0,1.0,301128,6951590
764,2016-09-09,1.0,1.0,1.0,1.0,592391,6951590
765,2016-09-08,1.0,1.0,1.0,1.0,960491,6951590
766,2016-09-07,1.0,1.0,1.0,1.0,1727020,6951590
767,2016-09-06,1.0,1.0,1.0,1.0,1149260,6951590
768,2016-09-05,1.0,1.0,1.0,1.0,1536980,6951590
769,2016-09-04,1.0,1.0,1.0,1.0,1248710,6951590
770,2016-09-03,1.0,1.0,1.0,1.0,2641030,6951590
771,2016-09-02,1.0,1.0,1.0,1.0,1472930,6951590
772,2016-09-01,1.0,1.0,1.0,1.0,838378,6951590
773,2016-08-31,1.0,1.0,1.0,1.0,908476,6951590
774,2016-08-30,1.0,1.0,1.0,1.0,1062640,6951590
775,2016-08-29,1.0,1.0,1.0,1.0,1591130,6951590
776,2016-08-28,1.0,1.0,1.0,1.0,1215110,6951590
777,2016-08-27,1.0,1.0,1.0,1.0,555019,6951590
778,2016-08-26,1.0,1.0,1.0,1.0,731230,6951590
779,2016-08-25,1.0,1.0,1.0,1.0,965926,6951590
780,2016-08-24,1.0,1.0,1.0,1.0,546685,6951590
781,2016-08-23,1.0,1.0,1.0,1.0,1240630,6951590
782,2016-08-22,1.0,1.0,1.0,1.0,1041420,6951590
783,2016-08-21,1.0,1.0,1.0,1.0,281378,6951590
784,2016-08-20,1.0,1.0,1.0,1.0,603297,6951590
785,2016-08-19,1.0,1.0,1.0,1.0,1258110,6951590
786,2016-08-18,1.0,1.0,1.0,1.0,849307,6951590
787,2016-08-17,1.0,1.0,1.0,1.0,2394770,6951590
788,2016-08-16,0.999999,1.0,0.999999,1.0,2197340,6951580
789,2016-08-15,0.999999,0.999999,0.999999,0.999999,1680290,6951580
790,2016-08-14,0.999999,0.999999,0.999999,0.999999,1274390,6951580
791,2016-08-13,0.962058,0.999999,0.962058,0.999999,593801,6687830
792,2016-08-12,0.9623719999999999,0.9623719999999999,0.962058,0.962058,912390,6690020
793,2016-08-11,0.973424,0.973424,0.962375,0.962375,1162530,6766850
794,2016-08-10,0.9995569999999999,1.0,0.97356,0.97356,1457520,6948510
795,2016-08-09,0.9995569999999999,0.9995569999999999,0.9995569999999999,0.9995569999999999,1735260,6948510
796,2016-08-08,0.9995569999999999,0.9995569999999999,0.9995569999999999,0.9995569999999999,613117,6948510
797,2016-08-07,0.9995569999999999,0.9995569999999999,0.9995569999999999,0.9995569999999999,1205650,6948510
798,2016-08-06,0.9998309999999999,0.9998309999999999,0.9995569999999999,0.9995569999999999,879406,6950420
799,2016-08-05,0.9999959999999999,0.9999959999999999,0.999833,0.999833,623230,6951560
800,2016-08-04,0.9999959999999999,0.9999959999999999,0.9999959999999999,0.9999959999999999,2005600,6951560
801,2016-08-03,0.9999950000000001,0.9999959999999999,0.9999950000000001,0.9999959999999999,4139570,6951560
802,2016-08-02,0.999999,1.0,0.9999950000000001,0.9999950000000001,7399410,6951580
803,2016-08-01,0.9999620000000001,0.999999,0.999959,0.999999,1944300,6951330
804,2016-07-31,1.0,1.0,0.9999629999999999,0.9999629999999999,893038,6951660
805,2016-07-30,1.0,1.0,1.0,1.0,158622,6952150
806,2016-07-29,1.0,1.0,1.0,1.0,351932,6951590
807,2016-07-28,1.0,1.0,1.0,1.0,1369300,6951590
808,2016-07-27,1.0,1.0,1.0,1.0,928283,6951590
809,2016-07-26,0.999999,1.0,0.999999,1.0,1867980,6951580
810,2016-07-25,1.0,1.0,0.999994,0.999999,1425810,6951590
811,2016-07-24,1.0,1.0,1.0,1.0,1208880,6951590
812,2016-07-23,1.0,1.0,1.0,1.0,618298,6951590
813,2016-07-22,1.0,1.0,1.0,1.0,1537170,6951590
814,2016-07-21,1.0,1.0,1.0,1.0,313139,6951590
815,2016-07-20,1.0,1.0,1.0,1.0,1571990,6951660
816,2016-07-19,1.0,1.0,1.0,1.0,798546,6951590
817,2016-07-18,1.0,1.0,1.0,1.0,1131710,6951590
818,2016-07-17,1.0,1.0,1.0,1.0,333668,6951590
819,2016-07-16,1.0,1.0,1.0,1.0,289175,6951590
820,2016-07-15,1.0,1.0,1.0,1.0,581262,6951590
821,2016-07-14,1.0,1.0,1.0,1.0,640118,6951590
822,2016-07-13,1.0,1.0,1.0,1.0,368649,6951590
823,2016-07-12,1.0,1.0,1.0,1.0,888710,5952540
824,2016-07-11,0.999999,1.0,0.999999,1.0,651964,5951580
825,2016-07-10,0.999999,0.999999,0.999999,0.999999,284642,5951580
826,2016-07-09,0.999999,0.999999,0.999999,0.999999,878486,5951580
827,2016-07-08,0.999991,0.999999,0.9999889999999999,0.999999,1277010,5951540
828,2016-07-07,1.0,1.0,0.9999889999999999,0.999991,1875330,5951590
829,2016-07-06,1.0,1.0,1.0,1.0,567909,5951590
830,2016-07-05,1.0,1.0,1.0,1.0,1405480,5951590
831,2016-07-04,1.0,1.0,1.0,1.0,1703670,5951590
832,2016-07-03,1.0,1.0,1.0,1.0,1161670,5951590
833,2016-07-02,1.0,1.0,1.0,1.0,561867,5951590
834,2016-07-01,1.0,1.0,1.0,1.0,985150,5951590
835,2016-06-30,1.0,1.0,1.0,1.0,1322550,5951590
836,2016-06-29,1.0,1.0,1.0,1.0,808151,5951590
837,2016-06-28,0.9999530000000001,1.0,0.9999530000000001,1.0,2242170,5951310
838,2016-06-27,1.0,1.0,0.9999319999999999,0.999951,576205,5951650
839,2016-06-26,1.0,1.0,1.0,1.0,798039,5951650
840,2016-06-25,1.0,1.0,1.0,1.0,1223680,5951650
841,2016-06-24,1.0,1.0,1.0,1.0,3067830,5951590
842,2016-06-23,1.0,1.0,1.0,1.0,2838010,5951590
843,2016-06-22,1.0,1.0,1.0,1.0,3966370,5951590
844,2016-06-21,1.0,1.0,1.0,1.0,3652970,5951590
845,2016-06-20,0.999999,1.0,0.999999,1.0,2855850,5951580
846,2016-06-19,0.999999,0.999999,0.999999,0.999999,1377470,5951580
847,2016-06-18,0.999999,0.999999,0.999999,0.999999,3759450,5951580
848,2016-06-17,0.999999,0.999999,0.999999,0.999999,6105470,5951580
849,2016-06-16,1.0,1.0,0.999999,0.999999,3547690,5951590
850,2016-06-15,1.0,1.0,1.0,1.0,1738970,5951590
851,2016-06-14,1.0,1.0,1.0,1.0,2479570,2951590
852,2016-06-13,1.0,1.0,1.0,1.0,1673420,2951590
853,2016-06-12,1.0,1.0,1.0,1.0,1030810,2951590
854,2016-06-11,1.0,1.0,1.0,1.0,134797,2951590
855,2016-06-10,1.0,1.0,1.0,1.0,206234,2951590
856,2016-06-09,1.0,1.0,1.0,1.0,149115,2951590
857,2016-06-08,1.0,1.0,1.0,1.0,155586,2951590
858,2016-06-07,1.0,1.0,1.0,1.0,295779,2951590
859,2016-06-06,1.0,1.0,1.0,1.0,792495,2951590
860,2016-06-05,1.0,1.0,1.0,1.0,139775,2951590
861,2016-06-04,1.0,1.0,1.0,1.0,438311,2951590
862,2016-06-03,1.0,1.0,1.0,1.0,2459760,2951590
863,2016-06-02,1.0,1.0,1.0,1.0,223416,2951590
864,2016-06-01,1.0,1.0,1.0,1.0,1030660,1951590
865,2016-05-31,1.0,1.0,1.0,1.0,2580270,1951590
866,2016-05-30,1.0,1.0,1.0,1.0,422532,1951590
867,2016-05-29,1.0,1.0,1.0,1.0,705697,1951590
868,2016-05-28,1.0,1.0,1.0,1.0,613257,1951590
869,2016-05-27,1.0,1.0,1.0,1.0,707718,1951590
870,2016-05-26,1.0,1.0,0.999999,1.0,5707670,1951590
871,2016-05-25,1.0,1.0,1.0,1.0,209870,1951630
872,2016-05-24,1.0,1.0,1.0,1.0,153609,1951590
873,2016-05-23,1.0,1.0,1.0,1.0,190548,1951590
874,2016-05-22,1.0,1.0,1.0,1.0,104196,1951590
875,2016-05-21,1.0,1.0,1.0,1.0,167338,1951590
876,2016-05-20,1.0,1.0,1.0,1.0,261677,1951590
877,2016-05-19,1.0,1.0,1.0,1.0,329926,1951590
878,2016-05-18,1.0,1.0,1.0,1.0,229307,1951590
879,2016-05-17,1.0,1.0,1.0,1.0,178706,1951590
880,2016-05-16,1.0,1.0,1.0,1.0,567230,1951590
881,2016-05-15,1.0,1.0,1.0,1.0,219450,1958460
882,2016-05-14,1.0,1.01,1.0,1.0,61320,1958050
883,2016-05-13,1.0,1.0,1.0,1.0,62149,1951590
884,2016-05-12,1.0,1.0,1.0,1.0,168513,1951590
885,2016-05-11,1.0,1.0,1.0,1.0,270254,1951590
886,2016-05-10,1.0,1.0,1.0,1.0,6102180,1951590
887,2016-05-09,1.0,1.0,1.0,1.0,324466,1951590
888,2016-05-08,1.0,1.0,1.0,1.0,80059,1951590
889,2016-05-07,1.0,1.0,1.0,1.0,73083,1951590
890,2016-05-06,1.0,1.0,1.0,1.0,2747610,1951590
891,2016-05-05,1.0,1.0,1.0,1.0,753773,1951590
892,2016-05-04,1.0,1.0,1.0,1.0,215176,1951590
893,2016-05-03,1.0,1.0,1.0,1.0,408428,1951590
894,2016-05-02,1.0,1.0,1.0,1.0,193440,1951590
895,2016-05-01,1.0,1.0,1.0,1.0,49006,1951590
896,2016-04-30,1.0,1.0,1.0,1.0,454278,1951590
897,2016-04-29,1.0,1.0,1.0,1.0,146006,1951590
898,2016-04-28,1.0,1.0,1.0,1.0,544476,1451590
899,2016-04-27,1.0,1.0,1.0,1.0,481952,1451590
900,2016-04-26,1.0,1.0,1.0,1.0,515109,1451590
901,2016-04-25,1.0,1.0,1.0,1.0,298864,1451590
902,2016-04-24,1.0,1.0,1.0,1.0,68016,1451590
903,2016-04-23,1.0,1.0,1.0,1.0,512936,1451590
904,2016-04-22,1.0,1.0,1.0,1.0,143608,1451590
905,2016-04-21,1.0,1.0,1.0,1.0,278840,1451590
906,2016-04-20,1.0,1.0,1.0,1.0,103226,1451590
907,2016-04-19,1.0,1.0,1.0,1.0,116370,1451590
908,2016-04-18,1.0,1.0,1.0,1.0,160979,1451590
909,2016-04-17,1.0,1.0,1.0,1.0,121920,1451590
910,2016-04-16,1.0,1.0,1.0,1.0,66411,1451590
911,2016-04-15,1.0,1.0,1.0,1.0,79197,1451590
912,2016-04-14,1.0,1.0,1.0,1.0,349208,1451590
913,2016-04-13,1.0,1.0,1.0,1.0,173569,1451590
914,2016-04-12,0.9998459999999999,1.0,0.999516,1.0,430502,1451370
915,2016-04-11,1.0,1.0,0.999793,0.9998610000000001,38497,1451590
916,2016-04-10,1.0,1.0,1.0,1.0,173469,1451590
917,2016-04-09,1.0,1.0,1.0,1.0,117876,1451590
918,2016-04-08,1.0,1.0,1.0,1.0,441626,1451620
919,2016-04-07,1.0,1.0,1.0,1.0,44185,1451620
920,2016-04-06,1.0,1.0,1.0,1.0,82048,1451590
921,2016-04-05,1.0,1.0,1.0,1.0,115498,1451590
922,2016-04-04,1.0,1.0,1.0,1.0,486533,1451590
923,2016-04-03,1.0,1.0,1.0,1.0,99267,1451590
924,2016-04-02,1.0,1.0,1.0,1.0,103658,1451590
925,2016-04-01,1.0,1.0,1.0,1.0,50033,1451590
926,2016-03-31,1.0,1.0,1.0,1.0,147747,1451590
927,2016-03-30,1.0,1.0,1.0,1.0,204201,1451590
928,2016-03-29,1.0,1.0,1.0,1.0,1042210,1451590
929,2016-03-28,1.0,1.0,1.0,1.0,112757,1451590
930,2016-03-27,1.0,1.0,1.0,1.0,111330,1451590
931,2016-03-26,1.0,1.0,1.0,1.0,43612,1451590
932,2016-03-25,0.999973,1.0,0.999973,1.0,32068,1451550
933,2016-03-24,0.999999,0.999999,0.999972,0.999972,108214,1451590
934,2016-03-23,0.999999,0.999999,0.999999,0.999999,82970,1451590
935,2016-03-22,0.999999,0.999999,0.999999,0.999999,118249,1451590
936,2016-03-21,0.9999979999999999,0.999999,0.9999979999999999,0.999999,188116,1451590
937,2016-03-20,0.9999979999999999,0.9999979999999999,0.9999979999999999,0.9999979999999999,82858,1451590
938,2016-03-19,0.9999979999999999,0.9999979999999999,0.9999979999999999,0.9999979999999999,119685,1451590
939,2016-03-18,0.999983,0.9999979999999999,0.9999819999999999,0.9999979999999999,326978,1451580
940,2016-03-17,1.0,1.0,0.999934,0.999983,219091,1451600
941,2016-03-16,1.0,1.0,1.0,1.0,74773,1451600
942,2016-03-15,0.999994,1.0,0.999994,1.0,72352,1451590
943,2016-03-14,0.9999170000000001,0.999994,0.999914,0.999994,369834,1451480
944,2016-03-13,0.9998959999999999,0.9999870000000001,0.9998959999999999,0.9999180000000001,209067,1451450
945,2016-03-12,0.9999950000000001,0.9999950000000001,0.999822,0.9998950000000001,253278,1451590
946,2016-03-11,0.999994,0.9999950000000001,0.999994,0.9999950000000001,92528,1451590
947,2016-03-10,0.9998950000000001,0.999994,0.9998950000000001,0.999994,126353,1451450
948,2016-03-09,1.0,1.0,0.9998950000000001,0.9998950000000001,158280,1451600
949,2016-03-08,0.9999979999999999,1.0,0.9999979999999999,1.0,144215,1451600
950,2016-03-07,0.9999979999999999,0.9999979999999999,0.9999979999999999,0.9999979999999999,143086,1451600
951,2016-03-06,1.0,1.0,0.9999959999999999,0.9999979999999999,279531,1451600
952,2016-03-05,1.0,1.0,1.0,1.0,354905,1451600
953,2016-03-04,0.999999,1.0,0.999999,1.0,150575,1451600
954,2016-03-03,0.9999610000000001,0.999999,0.9999530000000001,0.999999,179492,1451540
955,2016-03-02,0.999991,0.999994,0.9999620000000001,0.9999620000000001,61533,1451590
956,2016-03-01,1.0,1.0,0.9999809999999999,0.999991,143221,1451630
957,2016-02-29,1.0,1.0,1.0,1.0,77532,1451600
958,2016-02-28,1.0,1.0,1.0,1.0,114084,1451600
959,2016-02-27,1.0,1.0,1.0,1.0,96721,1451600
960,2016-02-26,1.0,1.0,1.0,1.0,102891,1451600
961,2016-02-25,0.9998440000000001,1.0,0.999749,1.0,433922,1451370
962,2016-02-24,1.0,1.0,0.9998440000000001,0.9998440000000001,85160,1451600
963,2016-02-23,1.0,1.0,1.0,1.0,107259,1451600
964,2016-02-22,1.0,1.0,1.0,1.0,46520,1451600
965,2016-02-21,1.0,1.0,1.0,1.0,55018,1451600
966,2016-02-20,1.0,1.0,1.0,1.0,57051,1451600
967,2016-02-19,1.0,1.0,1.0,1.0,50866,1451600
968,2016-02-18,1.0,1.0,1.0,1.0,71827,1451600
969,2016-02-17,1.0,1.0,1.0,1.0,169298,1451610
970,2016-02-16,1.0,1.0,1.0,1.0,58641,1451610
971,2016-02-15,1.0,1.0,1.0,1.0,95454,1452860
972,2016-02-14,1.0,1.0,0.999664,1.0,52365,1451600
973,2016-02-13,1.0,1.0,1.0,1.0,98085,1451600
974,2016-02-12,1.0,1.0,1.0,1.0,407856,1451600
975,2016-02-11,1.0,1.0,1.0,1.0,65354,1451600
976,2016-02-10,1.0,1.0,1.0,1.0,125936,1451600
977,2016-02-09,1.0,1.0,1.0,1.0,36351,1451600
978,2016-02-08,1.0,1.0,1.0,1.0,36002,1451600
979,2016-02-07,1.0,1.0,1.0,1.0,27176,1451600
980,2016-02-06,1.0,1.0,1.0,1.0,715070,1451600
981,2016-02-05,1.0,1.0,1.0,1.0,97341,1451600
982,2016-02-04,1.0,1.0,1.0,1.0,150392,1451600
983,2016-02-03,1.0,1.0,1.0,1.0,104733,1451600
984,2016-02-02,0.999969,1.0,0.999969,1.0,7113,1451560
985,2016-02-01,0.999999,1.0,0.9997010000000001,0.999969,76317,1451600
986,2016-01-31,1.0,1.0,0.999999,0.999999,10385,1451600
987,2016-01-30,0.999978,1.0,0.9999680000000001,1.0,6307,1451570
988,2016-01-29,0.999999,1.0,0.999976,0.999978,73399,1451600
989,2016-01-28,1.0,1.0,0.999926,0.999999,155498,1451600
990,2016-01-27,1.0,1.0,1.0,1.0,37598,1451600
991,2016-01-26,1.0,1.0,1.0,1.0,69162,1451610
992,2016-01-25,1.0,1.0,1.0,1.0,44570,1451610
993,2016-01-24,1.0,1.0,1.0,1.0,21139,1451770
994,2016-01-23,1.0,1.0,1.0,1.0,28438,1451700
995,2016-01-22,1.0,1.0,1.0,1.0,26682,1451600
996,2016-01-21,1.0,1.0,1.0,1.0,35772,1451600
997,2016-01-20,1.0,1.0,1.0,1.0,17069,1451600
998,2016-01-19,1.0,1.0,1.0,1.0,9857,1451600
999,2016-01-18,1.0,1.0,1.0,1.0,160834,1451600
1000,2016-01-17,1.0,1.0,1.0,1.0,17361,1452170
1001,2016-01-16,1.0,1.0,0.999692,1.0,74254,1451600
1002,2016-01-15,1.0,1.0,1.0,1.0,95995,1451600
1003,2016-01-14,1.0,1.0,1.0,1.0,20292,1452270
1004,2016-01-13,1.0,1.0,1.0,1.0,9873,1451600
1005,2016-01-12,1.0,1.0,1.0,1.0,11714,1451600
1006,2016-01-11,1.0,1.0,1.0,1.0,118900,1451600
1007,2016-01-10,1.0,1.0,1.0,1.0,66196,1451600
1008,2016-01-09,1.0,1.0,1.0,1.0,3359,1451600
1009,2016-01-08,1.0,1.0,1.0,1.0,13420,1451600
1010,2016-01-07,1.0,1.0,1.0,1.0,25544,1451600
1011,2016-01-06,1.0,1.0,1.0,1.0,541019,951838
1012,2016-01-05,1.0,1.0,1.0,1.0,1350,951600
1013,2016-01-04,1.0,1.0,1.0,1.0,81182,951600
1014,2016-01-03,1.0,1.0,1.0,1.0,1389,951600
1015,2016-01-02,1.0,1.0,1.0,1.0,4701,951600
1016,2016-01-01,1.0,1.0,1.0,1.0,4876,951600
1017,2015-12-31,1.0,1.0,1.0,1.0,6995,951600
1018,2015-12-30,1.0,1.0,1.0,1.0,7389,951600
1019,2015-12-29,1.0,1.0,1.0,1.0,14115,951600
1020,2015-12-28,1.0,1.0,1.0,1.0,82323,951600
1021,2015-12-27,1.0,1.0,1.0,1.0,26317,951600
1022,2015-12-26,1.0,1.0,1.0,1.0,15305,951600
1023,2015-12-25,1.0,1.0,1.0,1.0,618112,951600
1024,2015-12-24,1.0,1.0,1.0,1.0,91078,951600
1025,2015-12-23,0.9998049999999999,1.0,0.9998049999999999,1.0,66711,951414
1026,2015-12-22,0.999864,0.999892,0.9994540000000001,0.999801,10915,951471
1027,2015-12-21,1.0,1.0,0.999848,0.999864,18913,951600
1028,2015-12-20,1.0,1.0,1.0,1.0,16100,951600
1029,2015-12-19,1.0,1.0,1.0,1.0,23202,951600
1030,2015-12-18,1.0,1.0,1.0,1.0,6493,951600
1031,2015-12-17,1.0,1.0,1.0,1.0,2226,951600
1032,2015-12-16,1.0,1.0,1.0,1.0,143155,951600
1033,2015-12-15,1.0,1.0,1.0,1.0,22210,951600
1034,2015-12-14,1.0,1.0,1.0,1.0,8173,951600
1035,2015-12-13,1.0,1.0,1.0,1.0,13796,951600
1036,2015-12-12,1.0,1.0,1.0,1.0,39261,951600
1037,2015-12-11,1.0,1.0,1.0,1.0,102209,951600
1038,2015-12-10,1.0,1.0,1.0,1.0,23195,951667
1039,2015-12-09,1.0,1.0,1.0,1.0,17421,951762
1040,2015-12-08,1.0,1.0,1.0,1.0,9504,951600
1041,2015-12-07,1.0,1.0,1.0,1.0,11224,951600
1042,2015-12-06,1.0,1.0,1.0,1.0,220143,951600
1043,2015-12-05,1.0,1.0,1.0,1.0,21568,951600
1044,2015-12-04,1.0,1.0,1.0,1.0,7738,951600
1045,2015-12-03,1.0,1.0,1.0,1.0,141337,951600
1046,2015-12-02,0.999994,1.0,0.9999879999999999,1.0,195747,951594
1047,2015-12-01,1.0,1.0,0.999993,0.999993,129772,451600
1048,2015-11-30,1.0,1.0,1.0,1.0,659724,451600
1049,2015-11-29,1.0,1.0,1.0,1.0,134696,451600
1050,2015-11-28,1.0,1.0,1.0,1.0,22508,451600
1051,2015-11-27,1.0,1.0,1.0,1.0,8253,451600
1052,2015-11-26,1.0,1.0,1.0,1.0,20800,451600
1053,2015-11-25,1.0,1.0,1.0,1.0,6875,451600
1054,2015-11-24,1.0,1.0,1.0,1.0,11121,451600
1055,2015-11-23,1.0,1.0,1.0,1.0,25499,451600
1056,2015-11-22,1.0,1.0,1.0,1.0,5443,451600
1057,2015-11-21,1.0,1.0,1.0,1.0,6456,451600
1058,2015-11-20,1.0,1.0,1.0,1.0,10003,451600
1059,2015-11-19,1.0,1.0,1.0,1.0,18891,451600
1060,2015-11-18,1.0,1.0,1.0,1.0,6058,451600
1061,2015-11-17,1.0,1.0,1.0,1.0,25693,451600
1062,2015-11-16,1.0,1.0,1.0,1.0,10553,451600
1063,2015-11-15,1.0,1.0,1.0,1.0,33393,451600
1064,2015-11-14,1.0,1.0,1.0,1.0,28995,451600
1065,2015-11-13,1.0,1.0,1.0,1.0,49617,451600
1066,2015-11-12,1.0,1.0,1.0,1.0,34994,451600
1067,2015-11-11,1.0,1.0,1.0,1.0,34324,451600
1068,2015-11-10,1.0,1.0,1.0,1.0,14722,451600
1069,2015-11-09,1.0,1.0,1.0,1.0,18568,451600
1070,2015-11-08,1.0,1.0,1.0,1.0,143097,451600
1071,2015-11-07,1.0,1.0,1.0,1.0,999501,451600
1072,2015-11-06,1.0,1.0,1.0,1.0,372540,451600
1073,2015-11-05,1.0,1.0,1.0,1.0,226537,451600
1074,2015-11-04,1.0,1.0,1.0,1.0,181021,451600
1075,2015-11-03,1.0,1.0,1.0,1.0,90103,451600
1076,2015-11-02,1.0,1.0,1.0,1.0,15845,451600
1077,2015-11-01,1.0,1.0,1.0,1.0,4506,451600
1078,2015-10-31,1.0,1.0,1.0,1.0,26367,451600
1079,2015-10-30,1.0,1.0,1.0,1.0,26909,451600
1080,2015-10-29,1.0,1.0,1.0,1.0,227491,451600
1081,2015-10-28,1.0,1.0,1.0,1.0,64488,451600
1082,2015-10-27,1.0,1.0,1.0,1.0,51400,451600
1083,2015-10-26,1.0,1.0,1.0,1.0,40692,451600
1084,2015-10-25,1.0,1.0,1.0,1.0,191596,451600
1085,2015-10-24,1.0,1.0,1.0,1.0,73679,451600
1086,2015-10-23,1.0,1.0,1.0,1.0,115132,451600
1087,2015-10-22,1.0,1.0,1.0,1.0,76061,451600
1088,2015-10-21,1.0,1.0,1.0,1.0,42472,451600
1089,2015-10-20,1.0,1.0,1.0,1.0,30335,451600
1090,2015-10-19,1.0,1.0,1.0,1.0,6589,451600
1091,2015-10-18,1.0,1.0,1.0,1.0,3108,451600
1092,2015-10-17,1.0,1.0,1.0,1.0,3697,451600
1093,2015-10-16,1.0,1.0,1.0,1.0,37796,451600
1094,2015-10-15,1.0,1.0,1.0,1.0,98815,451600
1095,2015-10-14,1.0,1.0,1.0,1.0,10378,451600
1096,2015-10-13,1.0,1.0,1.0,1.0,122426,451600
1097,2015-10-12,1.0,1.0,1.0,1.0,25978,451600
1098,2015-10-11,1.0,1.0,1.0,1.0,47946,451600
1099,2015-10-10,1.0,1.0,1.0,1.0,117,451600
1100,2015-10-09,1.0,1.0,1.0,1.0,1830,451600
1101,2015-10-08,1.0,1.0,1.0,1.0,5197,451600
1102,2015-10-07,1.0,1.0,1.0,1.0,8055,451600
1103,2015-10-06,1.0,1.0,1.0,1.0,55914,451600
1104,2015-10-05,1.0,1.0,1.0,1.0,17654,451600
1105,2015-10-04,1.0,1.0,1.0,1.0,3459,451600
1106,2015-10-03,1.0,1.0,1.0,1.0,368077,451600
1107,2015-10-02,1.0,1.0,1.0,1.0,14619,451600
1108,2015-10-01,1.0,1.0,1.0,1.0,178994,451600
1109,2015-09-30,1.0,1.0,1.0,1.0,142982,451600
1110,2015-09-29,1.0,1.0,1.0,1.0,419071,451600
1111,2015-09-28,1.0,1.0,1.0,1.0,394927,451600
1112,2015-09-27,1.0,1.0,1.0,1.0,1998,451600
1113,2015-09-26,1.0,1.0,1.0,1.0,528,451600
1114,2015-09-25,1.0,1.0,1.0,1.0,608,451600
1115,2015-09-24,1.0,1.0,1.0,1.0,103489,451600
1116,2015-09-23,1.0,1.0,1.0,1.0,5751,451600
1117,2015-09-22,1.0,1.0,1.0,1.0,19998,451600
1118,2015-09-21,1.0,1.0,1.0,1.0,9470,451600
1119,2015-09-20,1.0,1.0,1.0,1.0,112,451600
1120,2015-09-19,1.0,1.0,1.0,1.0,821,451600
1121,2015-09-18,1.0,1.0,1.0,1.0,15624,451600
1122,2015-09-17,1.0,1.0,1.0,1.0,28268,451600
1123,2015-09-16,1.0,1.0,1.0,1.0,52821,451600
1124,2015-09-15,1.0,1.0,1.0,1.0,71982,451600
1125,2015-09-14,1.0,1.0,1.0,1.0,228,451600
1126,2015-09-13,1.0,1.0,1.0,1.0,696,451600
1127,2015-09-12,1.0,1.0,1.0,1.0,4331,451600
1128,2015-09-11,1.0,1.0,1.0,1.0,29213,451600
1129,2015-09-10,1.0,1.0,1.0,1.0,9265,451600
1130,2015-09-09,1.0,1.0,1.0,1.0,106307,451600
1131,2015-09-08,1.0,1.0,1.0,1.0,2963,451600
1132,2015-09-07,1.0,1.0,1.0,1.0,22316,451600
1133,2015-09-06,1.0,1.0,1.0,1.0,17951,451600
1134,2015-09-05,1.0,1.0,1.0,1.0,13467,451600
1135,2015-09-04,1.0,1.0,1.0,1.0,672,451600
1136,2015-09-03,1.0,1.0,1.0,1.0,890,451600
1137,2015-09-02,1.0,1.0,1.0,1.0,1710,451600
1138,2015-09-01,1.0,1.0,1.0,1.0,6136,451600
1139,2015-08-31,1.0,1.0,1.0,1.0,7022,451600
1140,2015-08-30,1.0,1.0,1.0,1.0,3319,451600
1141,2015-08-29,1.0,1.0,1.0,1.0,1207,451600
1142,2015-08-28,1.0,1.0,1.0,1.0,6213,451600
1143,2015-08-27,1.0,1.0,1.0,1.0,2446,451600
1144,2015-08-26,1.0,1.0,1.0,1.0,1643,451600
1145,2015-08-25,1.0,1.0,1.0,1.0,433444,451600
1146,2015-08-24,1.0,1.0,1.0,1.0,73637,451600
1147,2015-08-23,1.0,1.0,1.0,1.0,2275,451600
1148,2015-08-22,1.0,1.0,1.0,1.0,1296,451600
1149,2015-08-21,1.0,1.0,1.0,1.0,5957,451600
1150,2015-08-20,1.0,1.0,1.0,1.0,2841,451600
1151,2015-08-19,1.0,1.0,1.0,1.0,157207,451600
1152,2015-08-18,1.0,1.0,1.0,1.0,65246,451600
1153,2015-08-17,1.0,1.0,1.0,1.0,20942,451600
1154,2015-08-16,1.0,1.0,1.0,1.0,1644,451600
1155,2015-08-15,1.0,1.0,1.0,1.0,4232,451600
1156,2015-08-14,1.0,1.0,1.0,1.0,2346,451600
1157,2015-08-13,1.0,1.0,1.0,1.0,1521,451600
1158,2015-08-12,1.0,1.0,1.0,1.0,1602,451600
1159,2015-08-11,1.0,1.0,1.0,1.0,526,451600
1160,2015-08-10,1.0,1.0,1.0,1.0,152265,451600
1161,2015-08-09,1.0,1.0,1.0,1.0,657,451600
1162,2015-08-08,1.0,1.0,1.0,1.0,2229,451600
1163,2015-08-07,1.0,1.0,1.0,1.0,189055,451600
1164,2015-08-06,1.0,1.0,1.0,1.0,15979,451600
1165,2015-08-05,1.0,1.0,1.0,1.0,11013,451600
1166,2015-08-04,1.0,1.0,1.0,1.0,4182,451600
1167,2015-08-03,1.0,1.0,1.0,1.0,258279,451600
1168,2015-08-02,1.0,1.0,1.0,1.0,4443,451600
1169,2015-08-01,1.0,1.0,1.0,1.0,1766,451600
1170,2015-07-31,1.0,1.0,1.0,1.0,110,451600
1171,2015-07-30,1.0,1.0,1.0,1.0,28285,451600
1172,2015-07-29,1.0,1.0,1.0,1.0,404935,451600
1173,2015-07-28,1.0,1.0,1.0,1.0,50303,451600
1174,2015-07-27,1.0,1.0,1.0,1.0,2251,451600
1175,2015-07-26,1.0,1.0,1.0,1.0,25,451600
1176,2015-07-25,1.0,1.0,1.0,1.0,521,451600
1177,2015-07-24,1.0,1.0,1.0,1.0,32140,451600
1178,2015-07-23,1.0,1.0,1.0,1.0,4234,451600
1179,2015-07-22,1.0,1.0,1.0,1.0,507,451600
1180,2015-07-21,1.0,1.0,1.0,1.0,5796,451600
1181,2015-07-20,1.0,1.0,1.0,1.0,659,451600
1182,2015-07-19,1.0,1.0,1.0,1.0,2709,451600
1183,2015-07-18,1.0,1.0,1.0,1.0,50532,451600
1184,2015-07-17,1.0,1.0,1.0,1.0,665897,451600
1185,2015-07-16,1.0,1.0,1.0,1.0,33532,451600
1186,2015-07-15,1.0,1.0,1.0,1.0,1132,451600
1187,2015-07-14,1.0,1.0,1.0,1.0,31442,451600
1188,2015-07-13,1.0,1.0,1.0,1.0,242557,451600
1189,2015-07-12,1.0,1.0,1.0,1.0,3187,451600
1190,2015-07-11,1.0,1.0,1.0,1.0,1622,451600
1191,2015-07-10,1.0,1.0,1.0,1.0,1065,451600
1192,2015-07-09,1.0,1.0,1.0,1.0,516,451600
1193,2015-07-08,1.0,1.0,1.0,1.0,1633,451600
1194,2015-07-07,1.0,1.0,1.0,1.0,34946,451600
1195,2015-07-06,1.0,1.0,1.0,1.0,652389,451600
1196,2015-07-05,1.0,1.0,1.0,1.0,8107,451600
1197,2015-07-04,1.0,1.0,1.0,1.0,100,451600
1198,2015-07-03,1.0,1.0,1.0,1.0,14061,451600
1199,2015-07-02,1.0,1.0,1.0,1.0,1436,451600
1200,2015-07-01,1.0,1.0,1.0,1.0,110325,451600
1201,2015-06-30,1.0,1.0,1.0,1.0,472575,451600
1202,2015-06-29,1.0,1.0,1.0,1.0,3121,451600
1203,2015-06-28,1.0,1.0,1.0,1.0,409,451600
1204,2015-06-27,1.0,1.0,1.0,1.0,668536,451600
1205,2015-06-26,1.0,1.0,1.0,1.0,3129,451600
1206,2015-06-25,1.0,1.0,1.0,1.0,63845,451600
1207,2015-06-24,1.0,1.0,1.0,1.0,633456,451600
1208,2015-06-23,1.0,1.0,1.0,1.0,19973,451600
1209,2015-06-22,1.0,1.0,1.0,1.0,404,451600
1210,2015-06-21,1.0,1.0,1.0,1.0,371,451600
1211,2015-06-20,1.0,1.0,1.0,1.0,2424,451600
1212,2015-06-19,1.0,1.0,1.0,1.0,10983,451600
1213,2015-06-18,1.0,1.0,1.0,1.0,33804,451600
1214,2015-06-17,1.0,1.0,1.0,1.0,7822,451600
1215,2015-06-16,1.0,1.0,1.0,1.0,204282,451600
1216,2015-06-15,1.0,1.0,1.0,1.0,262077,451600
1217,2015-06-14,1.0,1.0,1.0,1.0,1349,451600
1218,2015-06-13,1.0,1.0,1.0,1.0,1636,451600
1219,2015-06-12,1.0,1.0,1.0,1.0,41981,451600
1220,2015-06-11,1.0,1.0,1.0,1.0,50162,451600
1221,2015-06-10,1.0,1.0,1.0,1.0,45551,451600
1222,2015-06-09,1.0,1.0,1.0,1.0,323,451600
1223,2015-06-08,1.0,1.0,1.0,1.0,126,451600
1224,2015-06-07,1.0,1.0,1.0,1.0,1547,451600
1225,2015-06-06,1.0,1.0,1.0,1.0,30,451600
1226,2015-06-05,1.0,1.0,1.0,1.0,22,451600
1227,2015-06-04,1.0,1.0,1.0,1.0,152,451600
1228,2015-06-03,1.0,1.0,1.0,1.0,24994,451600
1229,2015-06-02,1.0,1.0,1.0,1.0,75456,451600
1230,2015-06-01,1.0,1.0,1.0,1.0,40887,451600
1231,2015-05-31,1.0,1.0,1.0,1.0,2522,451600
1232,2015-05-30,1.0,1.0,1.0,1.0,12448,451600
1233,2015-05-29,1.0,1.0,1.0,1.0,16640,451600
1234,2015-05-28,1.0,1.0,1.0,1.0,70612,451600
1235,2015-05-27,1.0,1.0,1.0,1.0,28002,451600
1236,2015-05-26,1.0,1.0,1.0,1.0,1244,451600
1237,2015-05-25,1.0,1.0,1.0,1.0,2846,451600
1238,2015-05-24,1.0,1.0,1.0,1.0,5382,451600
1239,2015-05-23,1.0,1.0,1.0,1.0,30,451600
1240,2015-05-22,1.0,1.0,1.0,1.0,20209,451600
1241,2015-05-21,1.0,1.0,1.0,1.0,53849,451600
1242,2015-05-20,1.0,1.0,1.0,1.0,21979,451600
1243,2015-05-19,1.0,1.0,1.0,1.0,25359,451600
1244,2015-05-18,1.0,1.0,1.0,1.0,31,251600
1245,2015-05-17,1.0,1.0,1.0,1.0,683,251600
1246,2015-05-16,1.0,1.0,1.0,1.0,297,251600
1247,2015-05-15,1.0,1.0,1.0,1.0,92,251600
1248,2015-05-14,1.0,1.0,1.0,1.0,2185,251600
1249,2015-05-13,1.0,1.0,1.0,1.0,0,251600
1250,2015-05-12,1.0,1.0,1.0,1.0,5,251600
1251,2015-05-11,1.0,1.0,1.0,1.0,584,251600
1252,2015-05-10,1.0,1.0,1.0,1.0,2466,251600
1253,2015-05-09,1.0,1.0,1.0,1.0,171,251600
1254,2015-05-08,1.0,1.0,1.0,1.0,546,251600
1255,2015-05-07,1.0,1.0,1.0,1.0,120,251600
1256,2015-05-06,1.0,1.0,1.0,1.0,10,251600
1257,2015-05-05,1.0,1.0,1.0,1.0,21,251600
1258,2015-05-04,1.0,1.0,1.0,1.0,83171,251600
1259,2015-05-03,1.0,1.0,1.0,1.0,1518,251600
1260,2015-05-02,1.0,1.0,1.0,1.0,4,251600
1261,2015-05-01,1.0,1.0,1.0,1.0,48,251600
1262,2015-04-30,1.0,1.0,1.0,1.0,613,251600
1263,2015-04-29,1.0,1.0,1.0,1.0,12,251600
1264,2015-04-28,1.0,1.0,1.0,1.0,42628,251600
1265,2015-04-27,1.0,1.0,1.0,1.0,17806,251600
1266,2015-04-26,1.0,1.0,1.0,1.0,555,251600
1267,2015-04-25,1.0,1.0,1.0,1.0,26,251600
1268,2015-04-24,1.0,1.0,1.0,1.0,20262,251600
1269,2015-04-23,1.0,1.0,1.0,1.0,21632,251600
1270,2015-04-22,1.0,1.0,1.0,1.0,40306,251600
1271,2015-04-21,1.0,1.0,1.0,1.0,85933,251600
1272,2015-04-20,1.0,1.0,1.0,1.0,38,251600
1273,2015-04-19,1.0,1.0,1.0,1.0,22,251600
1274,2015-04-18,1.0,1.0,1.0,1.0,49,251600
1275,2015-04-17,1.0,1.0,1.0,1.0,50,251600
1276,2015-04-16,1.0,1.0,1.0,1.0,46909,251600
1277,2015-04-15,1.0,1.0,1.0,1.0,40700,251600
1278,2015-04-14,1.0,1.0,1.0,1.0,50324,251600
1279,2015-04-13,1.0,1.0,1.0,1.0,46026,251600
1280,2015-04-12,1.0,1.0,1.0,1.0,1971,251600
1281,2015-04-11,1.0,1.0,1.0,1.0,2869,251600
1282,2015-04-10,1.0,1.0,1.0,1.0,470,251600
1283,2015-04-09,1.0,1.0,1.0,1.0,100949,251600
1284,2015-04-08,1.0,1.0,1.0,1.0,1024,251600
1285,2015-04-07,1.0,1.0,1.0,1.0,19179,251600
1286,2015-04-06,1.0,1.0,1.0,1.0,254,251600
1287,2015-04-05,1.0,1.0,1.0,1.0,2887,251600
1288,2015-04-04,1.0,1.0,1.0,1.0,2018,251600
1289,2015-04-03,1.0,1.0,1.0,1.0,8887,251600
1290,2015-04-02,1.0,1.0,1.0,1.0,79970,251600
1291,2015-04-01,1.0,1.0,1.0,1.0,14,251600
1292,2015-03-31,1.0,1.0,1.0,1.0,37,251600
1293,2015-03-30,1.0,1.0,1.0,1.0,495,251600
1294,2015-03-29,1.0,1.0,1.0,1.0,21,251600
1295,2015-03-28,1.0,1.0,1.0,1.0,17,251600
1296,2015-03-27,1.0,1.0,1.0,1.0,5,251600
1297,2015-03-26,1.0,1.0,1.0,1.0,2,251600
1298,2015-03-25,1.0,1.0,1.0,1.0,92,251600
1299,2015-03-24,1.0,1.0,1.0,1.0,1179,251600
1300,2015-03-23,1.0,1.0,1.0,1.0,66,251600
1301,2015-03-22,1.0,1.0,1.0,1.0,67,251600
1302,2015-03-21,1.0,1.0,1.0,1.0,206,251600
1303,2015-03-20,1.0,1.0,1.0,1.0,133,251600
1304,2015-03-19,1.0,1.0,1.0,1.0,714,251600
1305,2015-03-18,1.0,1.0,1.0,1.0,202,251600
1306,2015-03-17,1.0,1.0,1.0,1.0,4284,251600
1307,2015-03-16,1.0,1.0,1.0,1.0,49632,251600
1308,2015-03-15,1.0,1.0,1.0,1.0,15125,251600
1309,2015-03-14,1.0,1.0,1.0,1.0,17705,251600
1310,2015-03-13,1.0,1.0,1.0,1.0,75,251600
1311,2015-03-12,1.0,1.0,1.0,1.0,80418,251600
1312,2015-03-11,1.0,1.0,1.0,1.0,49,251600
1313,2015-03-10,1.0,1.0,1.0,1.0,49997,251600
1314,2015-03-09,1.0,1.0,1.0,1.0,143,251600
1315,2015-03-08,1.0,1.0,1.0,1.0,31,251600
1316,2015-03-07,1.0,1.0,1.0,1.0,58197,251600
1317,2015-03-06,1.0,1.0,1.0,1.0,93,251600
1318,2015-03-03,0.605129,0.606229,0.604416,0.606229,3,152250
1319,2015-03-02,0.571249,0.6078899999999999,0.568314,0.6065020000000001,3,143726
1320,2015-02-26,1.21,1.21,1.19,1.21,6,304542
1321,2015-02-25,1.21,1.22,1.21,1.21,6,304476
